Incident Number,Incident Types,Reported Date,Nearest Populated Centre,Province,Company,Status,Latitude,Longitude,Approximate Volume Released (mÂ³),Substance,Release Type,Significant,Year,What Happened,Why It Happened
INC2009-039,Release of Substance,2009-05-07,Vegreville,Alberta,NOVA Gas Transmission Ltd.,Closed,53.63705,-112.01828,,Natural Gas - Sweet,Gas,No,2009,Defect and Deterioration,Standards and Procedures
INC2009-041,Release of Substance,2009-05-11,Valleyview,Alberta,NOVA Gas Transmission Ltd.,Closed,54.93272,-117.25214,,Natural Gas - Sweet,Gas,No,2009,Corrosion and Cracking,Maintenance
INC2009-048,Release of Substance,2009-05-27,Wandering River,Alberta,NOVA Gas Transmission Ltd.,Closed,55.67738,-112.18288,,Natural Gas - Sweet,Gas,No,2009,Defect and Deterioration,Maintenance
INC2009-049,Release of Substance,2009-06-03,Vegreville,Alberta,NOVA Gas Transmission Ltd.,Closed,53.63705,-112.01829,,Natural Gas - Sweet,Gas,No,2009,Corrosion and Cracking,Standards and Procedures
INC2009-058,"Fire, Release of Substance",2009-07-05,Hanna,Alberta,NOVA Gas Transmission Ltd.,Closed,51.728528,-111.6805,17000.0,Natural Gas - Sweet,Gas,No,2009,External Interference,Maintenance
INC2009-063,Release of Substance,2009-07-15,Smokey Lake,Alberta,NOVA Gas Transmission Ltd.,Closed,54.09552,-112.31043,,Natural Gas - Sweet,Gas,No,2009,Equipment Failure,Maintenance
INC2009-065,Fire,2009-07-16,Wainwright,Alberta,NOVA Gas Transmission Ltd.,Closed,52.75424,-110.74467,,Not Applicable,Not Applicable,No,2009,External Interference,Standards and Procedures
INC2009-066,"Fire, Release of Substance",2009-07-20,Hay River,Alberta,NOVA Gas Transmission Ltd.,Closed,58.208389,-118.501722,1450000.0,Natural Gas - Sweet,Gas,Yes,2009,Corrosion and Cracking,"Maintenance, Tools and Equipment"
INC2009-068,Release of Substance,2009-07-21,Crowsnest Pass,Alberta,NOVA Gas Transmission Ltd.,Closed,49.62622,-114.51601,,Natural Gas - Sweet,Gas,No,2009,"Defect and Deterioration, Equipment Failure","Inadequate Supervision, Maintenance, Tools and Equipment"
INC2009-075,Release of Substance,2009-07-31,Grande Prairie,Alberta,NOVA Gas Transmission Ltd.,Closed,55.12549,-117.83828,40.0,Natural Gas - Sweet,Gas,No,2009,Equipment Failure,Maintenance
INC2009-076,Release of Substance,2009-08-04,Edson,Alberta,NOVA Gas Transmission Ltd.,Closed,53.58571,-116.43392,2.9,Natural Gas - Sweet,Gas,No,2009,Defect and Deterioration,Maintenance
INC2009-086,Release of Substance,2009-09-02,Hanna,Alberta,NOVA Gas Transmission Ltd.,Closed,51.66911,-111.89811,0.5,Natural Gas - Sweet,Gas,No,2009,Equipment Failure,Maintenance
INC2009-087,Release of Substance,2009-09-02,Zama Lake,Alberta,NOVA Gas Transmission Ltd.,Closed,59.05953,-119.89276,10.0,Natural Gas - Sweet,Gas,No,2009,Corrosion and Cracking,Tools and Equipment
INC2009-090,Release of Substance,2009-09-04,Grande Prairie,Alberta,NOVA Gas Transmission Ltd.,Closed,54.8308,-118.64572,100.0,Fuel Gas,Gas,No,2009,Equipment Failure,Maintenance
INC2009-102,Release of Substance,2009-09-18,Fairview,Alberta,NOVA Gas Transmission Ltd.,Closed,56.36855,-119.92869,,Natural Gas - Sweet,Gas,No,2009,Defect and Deterioration,Maintenance
INC2009-104,Release of Substance,2009-09-20,Not specified,Alberta,NOVA Gas Transmission Ltd.,Closed,53.96117,-116.46306,63000.0,Natural Gas - Sweet,Gas,Yes,2009,External Interference,Maintenance
INC2009-118,Release of Substance,2009-10-20,Hanna,Alberta,NOVA Gas Transmission Ltd.,Closed,51.66922,-111.89792,,Natural Gas - Sweet,Gas,No,2009,Equipment Failure,Maintenance
INC2009-120,Release of Substance,2009-10-23,Edson,Alberta,NOVA Gas Transmission Ltd.,Closed,54.0438,-117.42069,,Natural Gas - Sweet,Gas,No,2009,Equipment Failure,"Engineering and Planning, Maintenance"
INC2009-126,Release of Substance,2009-11-04,Fairview,Alberta,NOVA Gas Transmission Ltd.,Closed,56.03467,-117.96587,,Natural Gas - Sweet,Gas,No,2009,Defect and Deterioration,Maintenance
INC2009-140,Fire,2009-12-16,Drayton Valley,Alberta,NOVA Gas Transmission Ltd.,Closed,53.10063,-115.3622,,Not Applicable,Not Applicable,No,2009,Equipment Failure,Maintenance
INC2009-141,Operation Beyond Design Limits,2009-12-11,Olds,Alberta,NOVA Gas Transmission Ltd.,Closed,51.85163,-114.07574,,Not Applicable,Not Applicable,No,2009,Incorrect Operation,Standards and Procedures
INC2009-144,Operation Beyond Design Limits,2009-12-17,Tieland,Alberta,NOVA Gas Transmission Ltd.,Closed,54.79071,-114.04358,,Not Applicable,Not Applicable,No,2009,Incorrect Operation,Inadequate Supervision
INC2009-145,Release of Substance,2009-12-17,Topland,Alberta,NOVA Gas Transmission Ltd.,Closed,54.54693,-114.79252,,Natural Gas - Sour,Gas,Yes,2009,Equipment Failure,Maintenance
INC2009-147,Operation Beyond Design Limits,2010-01-04,Rainbow Lake,Alberta,NOVA Gas Transmission Ltd.,Closed,58.44704,-119.22409,,Not Applicable,Not Applicable,No,2010,Equipment Failure,Maintenance
INC2010-001,Release of Substance,2010-01-06,Fort St. John,Alberta,NOVA Gas Transmission Ltd.,Closed,56.367553,-119.931713,125000.0,Natural Gas - Sweet,Gas,Yes,2010,Equipment Failure,Maintenance
INC2010-004,Adverse Environmental Effects,2010-01-08,Red Earth Creek,Alberta,NOVA Gas Transmission Ltd.,Closed,56.86338,-114.70979,,Not Applicable,Not Applicable,Yes,2010,Incorrect Operation,Human Factors
INC2010-005,Operation Beyond Design Limits,2010-01-16,High Level,Alberta,NOVA Gas Transmission Ltd.,Closed,57.503,-116.45,,Not Applicable,Not Applicable,No,2010,Equipment Failure,Engineering and Planning
INC2010-012,Release of Substance,2010-01-31,Not specified,Alberta,NOVA Gas Transmission Ltd.,Closed,55.88802,-112.12314,,Natural Gas - Sweet,Gas,No,2010,Defect and Deterioration,Maintenance
INC2010-013,Operation Beyond Design Limits,2010-02-01,Not specified,Alberta,NOVA Gas Transmission Ltd.,Closed,52.09768,-110.69846,,Not Applicable,Not Applicable,No,2010,"External Interference, Incorrect Operation","Engineering and Planning, Failure in communication"
INC2010-016,Release of Substance,2010-02-08,Not specified,Alberta,NOVA Gas Transmission Ltd.,Closed,54.83034,-118.64722,,Natural Gas - Sweet,Gas,No,2010,Corrosion and Cracking,Maintenance
INC2010-021,Release of Substance,2010-02-12,Grovedale,Alberta,NOVA Gas Transmission Ltd.,Closed,54.95425,-119.19227,,Natural Gas - Sweet,Gas,No,2010,Equipment Failure,Engineering and Planning
INC2010-032,Release of Substance,2010-03-03,Fox Creek,Alberta,NOVA Gas Transmission Ltd.,Closed,54.34669,-116.87305,,Natural Gas - Sweet,Gas,No,2010,Defect and Deterioration,Maintenance
INC2010-033,Release of Substance,2010-03-12,Not specified,Alberta,NOVA Gas Transmission Ltd.,Closed,52.75419,-114.11969,,Natural Gas - Sweet,Gas,No,2010,Corrosion and Cracking,Maintenance
INC2010-041,Fire,2010-03-27,Manning,Alberta,NOVA Gas Transmission Ltd.,Closed,57.19166,-118.1942,,Not Applicable,Not Applicable,No,2010,Defect and Deterioration,Maintenance
INC2010-050,Fire,2010-05-11,Sundre,Alberta,NOVA Gas Transmission Ltd.,Closed,51.943585,-114.736419,,Not Applicable,Not Applicable,No,2010,"Incorrect Operation, Other Causes",Engineering and Planning
INC2010-051,Release of Substance,2010-05-22,Manning,Alberta,NOVA Gas Transmission Ltd.,Closed,57.19361,-118.20534,1.0,Natural Gas - Sweet,Gas,No,2010,Equipment Failure,Maintenance
INC2010-053,Release of Substance,2010-05-27,Brooks,Alberta,NOVA Gas Transmission Ltd.,Closed,50.69805,-111.53063,,Natural Gas - Sweet,Gas,No,2010,Defect and Deterioration,"Engineering and Planning, Maintenance"
INC2010-055,Release of Substance,2010-06-03,Fox Creek,Alberta,NOVA Gas Transmission Ltd.,Closed,54.093481,-116.62138,0.1,Natural Gas - Sweet,Gas,No,2010,Equipment Failure,Maintenance
INC2010-058,Release of Substance,2010-06-16,Grande Prairie,Alberta,NOVA Gas Transmission Ltd.,Closed,54.83027,-118.64709,,Natural Gas - Sweet,Gas,No,2010,Corrosion and Cracking,Engineering and Planning
INC2010-062,Release of Substance,2010-06-24,Whitecourt,Alberta,NOVA Gas Transmission Ltd.,Closed,54.1326,-115.2362,,Natural Gas - Sweet,Gas,No,2010,Defect and Deterioration,Maintenance
INC2010-066,Release of Substance,2010-07-08,Vegreville,Alberta,NOVA Gas Transmission Ltd.,Closed,53.16727,-112.15003,0.5,Natural Gas - Sweet,Gas,No,2010,Corrosion and Cracking,Natural or Environmental Forces
INC2010-089,Release of Substance,2010-08-16,Grande Prairie,Alberta,NOVA Gas Transmission Ltd.,Closed,54.83026,-118.64722,,Natural Gas - Sweet,Gas,No,2010,Defect and Deterioration,Engineering and Planning
INC2010-090,Release of Substance,2010-08-18,Beiseker,Alberta,NOVA Gas Transmission Ltd.,Closed,51.32247,-113.38195,,Natural Gas - Sweet,Gas,No,2010,"Defect and Deterioration, External Interference","Inadequate Procurement, Maintenance"
INC2010-096,Release of Substance,2010-09-07,Carstairs,Alberta,NOVA Gas Transmission Ltd.,Closed,51.50897,-113.86985,3.0,Natural Gas - Sweet,Gas,No,2010,Defect and Deterioration,Maintenance
INC2010-098,Release of Substance,2010-09-11,Grande Prairie,Alberta,NOVA Gas Transmission Ltd.,Closed,57.18167,-118.19522,,Natural Gas - Sweet,Gas,No,2010,Equipment Failure,Standards and Procedures
INC2010-104,Release of Substance,2010-09-23,Enchant,Alberta,NOVA Gas Transmission Ltd.,Closed,50.04984,-112.53824,,Natural Gas - Sweet,Gas,No,2010,Defect and Deterioration,"Human Factors, Natural or Environmental Forces"
INC2010-105,Release of Substance,2010-09-29,Spirit River,Alberta,NOVA Gas Transmission Ltd.,Closed,55.77705,-119.36823,,Natural Gas - Sweet,Gas,No,2010,Corrosion and Cracking,Standards and Procedures
INC2010-111,Release of Substance,2010-10-07,Fox Creek,Alberta,NOVA Gas Transmission Ltd.,Closed,54.0923,-116.62298,,Natural Gas - Sweet,Gas,No,2010,Defect and Deterioration,Maintenance
INC2010-121,Release of Substance,2010-11-01,Grande Prairie,Alberta,NOVA Gas Transmission Ltd.,Closed,54.83012222,-118.6471944,,Natural Gas - Sweet,Gas,No,2010,Defect and Deterioration,Maintenance
INC2010-124,Operation Beyond Design Limits,2010-11-05,Gordondale,Alberta,NOVA Gas Transmission Ltd.,Closed,55.82576,-119.73576,,Not Applicable,Not Applicable,No,2010,External Interference,Engineering and Planning
INC2010-128,Release of Substance,2010-11-17,Grovedale,Alberta,NOVA Gas Transmission Ltd.,Closed,54.67993889,-118.9943333,1.0,Natural Gas - Sweet,Gas,No,2010,Equipment Failure,Maintenance
INC2010-145,Release of Substance,2010-12-01,Hanna,Alberta,NOVA Gas Transmission Ltd.,Closed,51.93893056,-112.0749444,,Natural Gas - Sweet,Gas,No,2010,"Defect and Deterioration, Equipment Failure",Maintenance
INC2010-159,Release of Substance,2010-12-17,Fox Creek,Alberta,NOVA Gas Transmission Ltd.,Closed,54.50731,-116.44281,,Natural Gas - Sweet,Gas,No,2010,Defect and Deterioration,Maintenance
INC2010-164,Release of Substance,2010-12-22,Jarvie,Alberta,NOVA Gas Transmission Ltd.,Closed,54.65256,-114.52778,,Natural Gas - Sweet,Gas,No,2010,Equipment Failure,Maintenance
INC2011-011,Release of Substance,2011-01-31,Slave Lake,Alberta,NOVA Gas Transmission Ltd.,Closed,55.57555,-113.87749,,Natural Gas - Sweet,Gas,No,2011,Equipment Failure,Maintenance
INC2011-030,Release of Substance,2011-02-20,Rainbow Lake,Alberta,NOVA Gas Transmission Ltd.,Closed,58.44721,-119.22429,,Natural Gas - Sweet,Gas,No,2011,Equipment Failure,Engineering and Planning
INC2011-035,Fire,2011-03-02,Fort McMurray,Alberta,NOVA Gas Transmission Ltd.,Closed,57.25289,-111.05669,,Not Applicable,Not Applicable,No,2011,Incorrect Operation,"Human Factors, Inadequate Supervision"
INC2011-036,Release of Substance,2011-03-02,Hanna,Alberta,NOVA Gas Transmission Ltd.,Closed,52.36527,-113.08174,,Natural Gas - Sweet,Gas,No,2011,Equipment Failure,Maintenance
INC2011-042,Release of Substance,2011-03-13,Rosebud,Alberta,NOVA Gas Transmission Ltd.,Closed,51.18869,-112.93903,,Natural Gas - Sweet,Gas,No,2011,Defect and Deterioration,Maintenance
INC2011-054,Fatality,2011-04-01,Grande Prairie,Alberta,NOVA Gas Transmission Ltd.,Closed,54.868241,-118.809763,,Not Applicable,Not Applicable,Yes,2011,Incorrect Operation,Human Factors
INC2011-064,Release of Substance,2011-04-21,Zama Lake,Alberta,NOVA Gas Transmission Ltd.,Closed,59.06394,-118.84693,,Natural Gas - Sweet,Gas,No,2011,Equipment Failure,Engineering and Planning
INC2011-073,Release of Substance,2011-05-07,Edson,Alberta,NOVA Gas Transmission Ltd.,Closed,53.60098,-116.46762,10.0,Natural Gas - Sweet,Gas,No,2011,Natural Force Damage,Maintenance
INC2011-085,Release of Substance,2011-05-27,Pincher Creek,Alberta,NOVA Gas Transmission Ltd.,Closed,49.30721,-114.015,2.0,Natural Gas - Sweet,Gas,No,2011,Corrosion and Cracking,Engineering and Planning
INC2011-104,Release of Substance,2011-06-30,Red Deer,Alberta,NOVA Gas Transmission Ltd.,Closed,52.24822,-113.61774,,Natural Gas - Sweet,Gas,No,2011,External Interference,Maintenance
INC2011-105,Fire,2011-07-07,Edson,Alberta,NOVA Gas Transmission Ltd.,Closed,53.96088,-116.46033,,Not Applicable,Not Applicable,No,2011,Equipment Failure,Maintenance
INC2011-146,Fire,2011-09-10,Grande Prairie,Alberta,NOVA Gas Transmission Ltd.,Closed,55.50563,-119.56184,,Not Applicable,Not Applicable,No,2011,Incorrect Operation,Human Factors
INC2011-127,Release of Substance,2011-08-16,Meanook,Alberta,NOVA Gas Transmission Ltd.,Closed,54.46884,-113.21624,,Natural Gas - Sweet,Gas,No,2011,Defect and Deterioration,Maintenance
INC2011-132,Fire,2011-08-22,Grande Prairie,Alberta,NOVA Gas Transmission Ltd.,Closed,55.12635,-117.83833,,Not Applicable,Not Applicable,No,2011,"External Interference, Incorrect Operation",Maintenance
INC2011-133,Fire,2011-08-23,Manning,Alberta,NOVA Gas Transmission Ltd.,Closed,57.19241,-118.19542,,Not Applicable,Not Applicable,No,2011,"Equipment Failure, Incorrect Operation",Engineering and Planning
INC2011-135,Release of Substance,2011-08-31,Grande Prairie,Alberta,NOVA Gas Transmission Ltd.,Closed,54.83012,-118.64715,,Natural Gas - Sweet,Gas,No,2011,Corrosion and Cracking,Engineering and Planning
INC2011-138,Release of Substance,2011-09-02,Wabasca,Alberta,NOVA Gas Transmission Ltd.,Closed,55.84448,-113.89141,,Natural Gas - Sweet,Gas,No,2011,Equipment Failure,Maintenance
INC2011-154,Release of Substance,2011-09-28,Grande Prairie,Alberta,NOVA Gas Transmission Ltd.,Closed,54.83025,-118.64722,,Natural Gas - Sweet,Gas,No,2011,Defect and Deterioration,Maintenance
INC2011-166,Release of Substance,2011-10-26,Rosemary,Alberta,NOVA Gas Transmission Ltd.,Closed,50.90519,-112.10804,,Natural Gas - Sweet,Gas,No,2011,Equipment Failure,Maintenance
INC2011-171,Release of Substance,2011-11-20,Whitecourt,Alberta,NOVA Gas Transmission Ltd.,Closed,54.14314,-115.36091,50.0,Natural Gas - Sweet,Gas,No,2011,Equipment Failure,Engineering and Planning
INC2011-172,Release of Substance,2011-11-20,Donnelly,Alberta,NOVA Gas Transmission Ltd.,Closed,55.72877,-117.08296,,Natural Gas - Sweet,Gas,No,2011,Equipment Failure,Maintenance
INC2011-179,Release of Substance,2011-12-06,Amisk,Alberta,NOVA Gas Transmission Ltd.,Closed,52.54673,-111.03052,,Natural Gas - Sweet,Gas,No,2011,Corrosion and Cracking,Maintenance
INC2012-005,Serious Injury (CER or TSB),2012-01-09,Fort Nelson,British Columbia,NOVA Gas Transmission Ltd.,Closed,59.04522,-121.26857,,Not Applicable,Not Applicable,Yes,2012,Incorrect Operation,"Engineering and Planning, Human Factors, Standards and Procedures"
INC2012-010,Release of Substance,2012-01-18,Manning,Alberta,NOVA Gas Transmission Ltd.,Closed,57.19155,-118.19433,,Natural Gas - Sweet,Gas,No,2012,Equipment Failure,Maintenance
INC2012-011,Fire,2012-01-20,Prespatou,Alberta,NOVA Gas Transmission Ltd.,Closed,57.36771,-119.75255,,Not Applicable,Not Applicable,No,2012,Incorrect Operation,Standards and Procedures
INC2012-013,Fire,2012-01-19,Assumption,Alberta,NOVA Gas Transmission Ltd.,Closed,57.37269,-119.13156,,Not Applicable,Not Applicable,No,2012,External Interference,Maintenance
INC2012-015,Fire,2012-01-21,Manning,Alberta,NOVA Gas Transmission Ltd.,Closed,57.38062,-119.18572,,Not Applicable,Not Applicable,No,2012,Incorrect Operation,Inadequate Supervision
INC2012-017,"Fire, Release of Substance",2012-01-25,Fort Nelson,British Columbia,NOVA Gas Transmission Ltd.,Closed,59.20208,-121.62187,0.001,Propane,Gas,No,2012,Incorrect Operation,Maintenance
INC2012-018,Fire,2012-01-25,Cheecham,Alberta,NOVA Gas Transmission Ltd.,Closed,56.19745,-110.86556,,Not Applicable,Not Applicable,No,2012,External Interference,Maintenance
INC2012-020,Serious Injury (CER or TSB),2012-01-27,Cheecham,Alberta,NOVA Gas Transmission Ltd.,Closed,56.25495,-110.89551,,Not Applicable,Not Applicable,Yes,2012,Incorrect Operation,Inadequate Supervision
INC2012-022,"Fire, Release of Substance",2012-02-03,Cheecham,Alberta,NOVA Gas Transmission Ltd.,Closed,56.18776,-110.86149,,Mixed HVP Hydrocarbons,Gas,No,2012,External Interference,Standards and Procedures
INC2012-038,Release of Substance,2012-02-29,Athabasca,Alberta,NOVA Gas Transmission Ltd.,Closed,54.64742,-112.80015,65.0,Natural Gas - Sweet,Gas,No,2012,Equipment Failure,Maintenance
INC2012-041,Release of Substance,2012-03-02,Spirit River,Alberta,NOVA Gas Transmission Ltd.,Closed,55.7578,-118.30145,,Natural Gas - Sweet,Gas,No,2012,Corrosion and Cracking,Standards and Procedures
INC2012-048,Release of Substance,2012-03-29,Whitburn,Alberta,NOVA Gas Transmission Ltd.,Closed,55.81522,-119.36594,,Natural Gas - Sweet,Gas,No,2012,Incorrect Operation,Inadequate Supervision
INC2012-059,Release of Substance,2012-05-08,Grande Prairie,Alberta,NOVA Gas Transmission Ltd.,Closed,54.830521,-118.647866,,Natural Gas - Sweet,Gas,No,2012,Corrosion and Cracking,Maintenance
INC2012-061,Release of Substance,2012-05-09,Valleyview,Alberta,NOVA Gas Transmission Ltd.,Closed,55.16008,-117.8411,,Natural Gas - Sweet,Gas,No,2012,Equipment Failure,Maintenance
INC2012-064,Release of Substance,2012-05-15,Medicine Hat,Alberta,NOVA Gas Transmission Ltd.,Closed,50.08985,-110.72397,,Natural Gas - Sweet,Gas,No,2012,Equipment Failure,Maintenance
INC2012-067,Fire,2012-05-28,Fox Creek,Alberta,NOVA Gas Transmission Ltd.,Closed,54.34678,-116.87308,,Not Applicable,Not Applicable,No,2012,External Interference,Maintenance
INC2012-068,Release of Substance,2012-05-30,Manning,Alberta,NOVA Gas Transmission Ltd.,Closed,57.36666,-119.75241,,Natural Gas - Sweet,Gas,No,2012,Corrosion and Cracking,"Maintenance, Standards and Procedures"
INC2012-069,Operation Beyond Design Limits,2012-05-31,Edson,Alberta,NOVA Gas Transmission Ltd.,Closed,53.96051,-116.46002,,Not Applicable,Not Applicable,No,2012,Incorrect Operation,Maintenance
INC2012-080,Explosion,2012-06-28,Fort McMurray,Alberta,NOVA Gas Transmission Ltd.,Closed,56.46368,-112.84413,,Not Applicable,Not Applicable,No,2012,Defect and Deterioration,"Maintenance, Standards and Procedures"
INC2012-084,Explosion,2012-07-04,Fox Creek,Alberta,NOVA Gas Transmission Ltd.,Closed,54.34676,-116.87305,,Not Applicable,Not Applicable,No,2012,Defect and Deterioration,"Maintenance, Standards and Procedures"
INC2012-086,Release of Substance,2012-07-11,Grande Prairie,Alberta,NOVA Gas Transmission Ltd.,Closed,54.83015,-118.64728,5.0,Natural Gas - Sweet,Gas,No,2012,Corrosion and Cracking,Maintenance
INC2012-088,Fire,2012-02-02,Rocky Mountain House,Alberta,NOVA Gas Transmission Ltd.,Closed,52.50498,-115.48418,,Not Applicable,Not Applicable,No,2012,Incorrect Operation,Human Factors
INC2012-090,Explosion,2012-07-16,Manning,Alberta,NOVA Gas Transmission Ltd.,Closed,57.36127,-119.75155,,Not Applicable,Not Applicable,No,2012,Defect and Deterioration,"Maintenance, Standards and Procedures"
INC2012-093,Explosion,2012-07-26,Lodgepole,Alberta,NOVA Gas Transmission Ltd.,Closed,53.03778,-115.27248,,Not Applicable,Not Applicable,No,2012,Defect and Deterioration,"Maintenance, Standards and Procedures"
INC2012-106,Fire,2012-08-16,Rainbow Lake,Alberta,NOVA Gas Transmission Ltd.,Closed,58.48217,-119.92404,,Not Applicable,Not Applicable,No,2012,External Interference,Standards and Procedures
INC2012-128,"Explosion, Fire",2012-09-21,Drayton Valley,Alberta,NOVA Gas Transmission Ltd.,Closed,52.93315,-114.88072,,Not Applicable,Not Applicable,No,2012,Defect and Deterioration,"Maintenance, Standards and Procedures"
INC2012-134,Operation Beyond Design Limits,2012-09-28,Hinton,Alberta,NOVA Gas Transmission Ltd.,Closed,53.65218,-116.09968,,Not Applicable,Not Applicable,No,2012,"External Interference, Incorrect Operation",Inadequate Supervision
INC2012-139,Operation Beyond Design Limits,2012-10-03,Hines Creek,Alberta,NOVA Gas Transmission Ltd.,Closed,56.55718,-119.02232,,Not Applicable,Not Applicable,No,2012,Incorrect Operation,Human Factors
INC2012-140,Release of Substance,2012-10-04,Rosemary,Alberta,NOVA Gas Transmission Ltd.,Closed,50.74405,-112.06708,,Natural Gas - Sweet,Gas,No,2012,Corrosion and Cracking,Maintenance
INC2012-142,Fire,2012-10-05,Caroline,Alberta,NOVA Gas Transmission Ltd.,Closed,52.06411,-114.91249,,Not Applicable,Not Applicable,No,2012,Incorrect Operation,Human Factors
INC2012-146,Operation Beyond Design Limits,2012-10-22,Swan Hill,Alberta,NOVA Gas Transmission Ltd.,Closed,54.539693,-115.919971,,Not Applicable,Not Applicable,No,2012,Equipment Failure,Engineering and Planning
INC2012-151,Release of Substance,2012-10-29,Slave Lake,Alberta,NOVA Gas Transmission Ltd.,Closed,55.04178,-114.46266,,Natural Gas - Sweet,Gas,No,2012,Equipment Failure,Maintenance
INC2012-153,Release of Substance,2012-11-01,Not specified,Alberta,NOVA Gas Transmission Ltd.,Closed,54.26029388,-115.2028366,,Natural Gas - Sweet,Gas,No,2012,Equipment Failure,Maintenance
INC2012-155,Fire,2012-11-12,Manning,Alberta,NOVA Gas Transmission Ltd.,Closed,57.36002,-119.74979,,Not Applicable,Not Applicable,No,2012,External Interference,Maintenance
INC2012-157,Release of Substance,2012-11-15,Fox Creek,Alberta,NOVA Gas Transmission Ltd.,Closed,54.043732,-117.421244,,Natural Gas - Sweet,Gas,No,2012,Corrosion and Cracking,Engineering and Planning
INC2013-010,Release of Substance,2013-01-25,Manning,Alberta,NOVA Gas Transmission Ltd.,Closed,57.11437,-117.45693,,Natural Gas - Sweet,Gas,No,2013,Equipment Failure,Maintenance
INC2013-012,Release of Substance,2013-01-26,Whitecourt,Alberta,NOVA Gas Transmission Ltd.,Closed,53.96046,-116.46003,,Natural Gas - Sweet,Gas,No,2013,Corrosion and Cracking,Maintenance
INC2013-024,Release of Substance,2013-02-10,Fort McMurray,Alberta,NOVA Gas Transmission Ltd.,Closed,57.02618,-111.69054,,Natural Gas - Sweet,Gas,No,2013,Corrosion and Cracking,Standards and Procedures
INC2013-025,Fire,2013-02-12,Vegreville,Alberta,NOVA Gas Transmission Ltd.,Closed,54.095087,-112.305849,,Not Applicable,Not Applicable,No,2013,External Interference,"Engineering and Planning, Maintenance"
INC2013-028,Release of Substance,2013-02-14,Slave Lake,Alberta,NOVA Gas Transmission Ltd.,Closed,55.22444444,-114.8005555,,Natural Gas - Sweet,Gas,No,2013,To be determined,To be determined
INC2013-030,Release of Substance,2013-02-19,Redcliff,Alberta,NOVA Gas Transmission Ltd.,Closed,50.060735,-110.729591,,Natural Gas - Sweet,Gas,No,2013,Equipment Failure,Maintenance
INC2013-044,Fire,2013-03-16,Hamburg,Alberta,NOVA Gas Transmission Ltd.,Closed,57.367714,-119.752776,,Not Applicable,Not Applicable,No,2013,Incorrect Operation,Standards and Procedures
INC2013-059,Operation Beyond Design Limits,2013-04-09,Hanna,Alberta,NOVA Gas Transmission Ltd.,Closed,51.9565,-112.370504,,Not Applicable,Not Applicable,No,2013,External Interference,"Failure in communication, Human Factors, Tools and Equipment"
INC2013-069,Operation Beyond Design Limits,2013-04-30,Not specified,Alberta,NOVA Gas Transmission Ltd.,Closed,54.5353,-117.10964,,Not Applicable,Not Applicable,No,2013,"External Interference, Incorrect Operation","Engineering and Planning, Maintenance"
INC2013-072,Fire,2013-05-04,Vegreville,Alberta,NOVA Gas Transmission Ltd.,Closed,54.095087,-112.305849,,Not Applicable,Not Applicable,No,2013,Defect and Deterioration,Standards and Procedures
INC2013-075,Release of Substance,2013-05-12,Fairview,Alberta,NOVA Gas Transmission Ltd.,Closed,56.035238,-117.966456,,Natural Gas - Sweet,Gas,No,2013,Equipment Failure,Tools and Equipment
INC2013-091,Release of Substance,2013-06-11,Hilda,Alberta,NOVA Gas Transmission Ltd.,Closed,50.457417,-110.196855,,Natural Gas - Sweet,Gas,No,2013,Corrosion and Cracking,Tools and Equipment
INC2013-107,Release of Substance,2013-07-08,Slave Lake,Alberta,NOVA Gas Transmission Ltd.,Closed,55.29782,-113.69498,,Natural Gas - Sweet,Gas,No,2013,Defect and Deterioration,Engineering and Planning
INC2013-114,Release of Substance,2013-07-24,Coaldale,Alberta,NOVA Gas Transmission Ltd.,Closed,49.634728,-112.476416,,Natural Gas - Sweet,Gas,No,2013,Defect and Deterioration,Engineering and Planning
INC2013-123,Fire,2013-08-17,Taber,Alberta,NOVA Gas Transmission Ltd.,Closed,49.78485,-112.15107,,Not Applicable,Not Applicable,No,2013,To be determined,To be determined
INC2013-131,Release of Substance,2013-09-12,Edson,Alberta,NOVA Gas Transmission Ltd.,Closed,54.09296,-116.62308,,Natural Gas - Sweet,Gas,No,2013,Equipment Failure,Engineering and Planning
INC2013-133,Release of Substance,2013-09-16,Not specified,Alberta,NOVA Gas Transmission Ltd.,Closed,54.08577,-116.64156,,Natural Gas - Sweet,Gas,No,2013,Defect and Deterioration,Engineering and Planning
INC2013-139,Release of Substance,2013-09-26,Slave Lake,Alberta,NOVA Gas Transmission Ltd.,Closed,55.26619,-114.60103,,Natural Gas - Sweet,Gas,No,2013,"Corrosion and Cracking, Defect and Deterioration","Engineering and Planning, Maintenance"
INC2013-141,Release of Substance,2013-09-28,Smokey Lake,Alberta,NOVA Gas Transmission Ltd.,Closed,53.97323,-112.22835,,Natural Gas - Sweet,Gas,No,2013,Corrosion and Cracking,Maintenance
INC2013-142,Release of Substance,2013-10-06,Slave Lake,Alberta,NOVA Gas Transmission Ltd.,Closed,55.26395,-114.601007,,Natural Gas - Sweet,Gas,No,2013,Corrosion and Cracking,Maintenance
INC2013-146,Release of Substance,2013-10-17,Fort McMurray,Alberta,NOVA Gas Transmission Ltd.,Closed,56.514327,-113.679868,16500000.0,Natural Gas - Sweet,Gas,Yes,2013,Defect and Deterioration,"Engineering and Planning, Failure in communication"
INC2013-147,Operation Beyond Design Limits,2013-10-17,Fort McMurray,Alberta,NOVA Gas Transmission Ltd.,Closed,56.51516,-113.65075,,Not Applicable,Not Applicable,No,2013,"Defect and Deterioration, Incorrect Operation, Natural Force Damage","Engineering and Planning, Failure in communication"
INC2013-148,Release of Substance,2013-10-20,Gadsby,Alberta,NOVA Gas Transmission Ltd.,Closed,52.3882,-112.2162,,Natural Gas - Sweet,Gas,No,2013,Corrosion and Cracking,"Human Factors, Maintenance"
INC2013-162,Release of Substance,2013-11-27,Boyle,Alberta,NOVA Gas Transmission Ltd.,Closed,54.50936,-112.64735,4300000.0,Natural Gas - Sweet,Gas,Yes,2013,Corrosion and Cracking,Maintenance
INC2014-008,Release of Substance,2014-01-12,Bowden,Alberta,NOVA Gas Transmission Ltd.,Closed,51.911918,-113.664358,1.0,Natural Gas - Sweet,Gas,No,2014,"External Interference, Incorrect Operation",Standards and Procedures
INC2014-033,Release of Substance,2014-02-18,Rocky Mountain House,Alberta,NOVA Gas Transmission Ltd.,Closed,52.49217,-114.98816,30001.0,Natural Gas - Sweet,Gas,Yes,2014,"Corrosion and Cracking, Incorrect Operation",Maintenance
INC2014-048,Release of Substance,2014-03-27,Bassano,Alberta,NOVA Gas Transmission Ltd.,Closed,50.78931,-112.46998,1110.0,Natural Gas - Sweet,Gas,No,2014,"Corrosion and Cracking, Natural Force Damage","Engineering and Planning, Maintenance"
INC2014-062,Release of Substance,2014-04-28,Conklin,Alberta,NOVA Gas Transmission Ltd.,Closed,55.569186,-110.720302,0.001,Natural Gas - Sweet,Gas,No,2014,"Defect and Deterioration, External Interference, Incorrect Operation","Engineering and Planning, Failure in communication, Human Factors, Inadequate Procurement, Standards and Procedures"
INC2014-065,Release of Substance,2014-05-01,Penhold,Alberta,NOVA Gas Transmission Ltd.,Closed,52.173034,-113.83314,148.0,Natural Gas - Sweet,Gas,No,2014,Natural Force Damage,Engineering and Planning
INC2014-074,Release of Substance,2014-05-26,Vegreville,Alberta,NOVA Gas Transmission Ltd.,Closed,53.522635,-112.075565,1114.0,Natural Gas - Sweet,Gas,No,2014,Corrosion and Cracking,Maintenance
INC2014-081,Release of Substance,2014-06-03,"Killam, AB",Alberta,NOVA Gas Transmission Ltd.,Closed,52.92871,-111.88764,322.0,Natural Gas - Sweet,Gas,No,2014,"Corrosion and Cracking, Defect and Deterioration, Incorrect Operation",Maintenance
INC2014-084,Release of Substance,2014-06-11,Grande Prairie,Alberta,NOVA Gas Transmission Ltd.,Closed,55.24345,-119.69047,0.0001,Natural Gas - Sweet,Gas,No,2014,Natural Force Damage,Engineering and Planning
INC2014-096,Release of Substance,2014-07-06,Crossfield,Alberta,NOVA Gas Transmission Ltd.,Closed,51.40375331,-114.03396956,2.0,Natural Gas - Sweet,Gas,No,2014,"Equipment Failure, Natural Force Damage, Other Causes","Engineering and Planning, Maintenance"
INC2014-112,Fire,2014-09-08,"Manning, Alberta",Alberta,NOVA Gas Transmission Ltd.,Closed,57.191516,-118.194326,,Not Applicable,Not Applicable,No,2014,Equipment Failure,Maintenance
INC2014-137,Release of Substance,2014-11-12,Bentley,Alberta,NOVA Gas Transmission Ltd.,Closed,52.46696,-114.2987,0.001,Natural Gas - Sweet,Gas,No,2014,Defect and Deterioration,Engineering and Planning
INC2014-151,Operation Beyond Design Limits,2014-12-09,Atmore,Alberta,NOVA Gas Transmission Ltd.,Closed,54.836647,-112.551304,,Not Applicable,Not Applicable,No,2014,"External Interference, Incorrect Operation",Engineering and Planning
INC2015-016,Release of Substance,2015-02-08,Boyle,Alberta,NOVA Gas Transmission Ltd.,Closed,54.524331,-112.665961,0.06,Natural Gas - Sweet,Gas,No,2015,Corrosion and Cracking,"Maintenance, Tools and Equipment"
INC2015-021,Release of Substance,2015-02-28,Grand Prairie,Alberta,NOVA Gas Transmission Ltd.,Closed,55.0045,-119.472,0.1,Natural Gas - Sweet,Gas,No,2015,"Corrosion and Cracking, External Interference","Human Factors, Tools and Equipment"
INC2015-046,Release of Substance,2015-05-04,Cold Lake,Alberta,NOVA Gas Transmission Ltd.,Closed,54.69512814,-110.72729395,41380.0,Natural Gas - Sweet,Gas,Yes,2015,"Corrosion and Cracking, External Interference",Maintenance
INC2015-049,Release of Substance,2015-05-06,"Spririt River, Alberta",Alberta,NOVA Gas Transmission Ltd.,Closed,55.81518,-119.36579,0.1,Natural Gas - Sweet,Gas,No,2015,"Corrosion and Cracking, Defect and Deterioration",Engineering and Planning
INC2015-056,Release of Substance,2015-05-12,"Medicine Hat, Alberta",Alberta,NOVA Gas Transmission Ltd.,Closed,50.16626,-110.59318,3400000.0,Natural Gas - Sweet,Gas,Yes,2015,"Incorrect Operation, Natural Force Damage","Engineering and Planning, Natural or Environmental Forces"
INC2015-081,Operation Beyond Design Limits,2015-07-13,"Grande Prairie, Alberta",Alberta,NOVA Gas Transmission Ltd.,Closed,54.830119,-118.646961,,Not Applicable,Not Applicable,No,2015,Other Causes,Engineering and Planning
INC2015-088,Operation Beyond Design Limits,2015-07-30,"Grand Prairie, Alberta",Alberta,NOVA Gas Transmission Ltd.,Closed,54.830119,-118.646961,,Not Applicable,Not Applicable,No,2015,Other Causes,Engineering and Planning
INC2015-095,Release of Substance,2015-08-19,"Fort St. John, B.C.",Alberta,NOVA Gas Transmission Ltd.,Closed,56.337317,-119.910103,2366.0,Natural Gas - Sweet,Gas,No,2015,Corrosion and Cracking,Maintenance
INC2015-096,Release of Substance,2015-08-21,"Beiseker, AB",Alberta,NOVA Gas Transmission Ltd.,Closed,51.32322,-113.37743,0.001,Natural Gas - Sweet,Gas,No,2015,Corrosion and Cracking,Maintenance
INC2015-101,Fire,2015-08-28,Smoky Lake,Alberta,NOVA Gas Transmission Ltd.,Closed,54.095881,-112.305035,,Not Applicable,Not Applicable,No,2015,Equipment Failure,Maintenance
INC2015-104,Release of Substance,2015-09-06,"St.Paul, Alberta",Alberta,NOVA Gas Transmission Ltd.,Closed,53.914064,-111.700742,9510.0,Natural Gas - Sweet,Gas,No,2015,Corrosion and Cracking,Maintenance
INC2015-107,Release of Substance,2015-09-13,Bruce,Alberta,NOVA Gas Transmission Ltd.,Closed,53.195074,-111.90868,9744.0,Natural Gas - Sweet,Gas,No,2015,Corrosion and Cracking,Maintenance
INC2015-120,Adverse Environmental Effects,2015-10-25,Fort McKay,Alberta,NOVA Gas Transmission Ltd.,Closed,57.340222,-111.671137,,Not Applicable,Not Applicable,Yes,2015,External Interference,Engineering and Planning
INC2015-121,Release of Substance,2015-10-27,Grande Prairie,Alberta,NOVA Gas Transmission Ltd.,Closed,54.830122,-118.645459,1.22,Natural Gas - Sweet,Gas,No,2015,"Equipment Failure, External Interference","Human Factors, Maintenance"
INC2015-123,Release of Substance,2015-10-29,Fort Mackay,Alberta,NOVA Gas Transmission Ltd.,Closed,57.3426,-111.74337,1.0,Natural Gas - Sweet,Gas,No,2015,Defect and Deterioration,Maintenance
INC2015-125,Adverse Environmental Effects,2015-11-02,Fort McKay ,Alberta,NOVA Gas Transmission Ltd.,Closed,57.340222,-111.677683,,Not Applicable,Not Applicable,Yes,2015,External Interference,Engineering and Planning
INC2015-127,Release of Substance,2015-11-09,CFB Wainwright,Alberta,NOVA Gas Transmission Ltd.,Closed,52.61406,-110.96464,14075.0,Natural Gas - Sweet,Gas,No,2015,Corrosion and Cracking,Maintenance
INC2015-128,Adverse Environmental Effects,2015-11-10,Fort McKay,Alberta,NOVA Gas Transmission Ltd.,Closed,57.34,-111.68,,Not Applicable,Not Applicable,Yes,2015,External Interference,Engineering and Planning
INC2015-129,Adverse Environmental Effects,2015-11-10,Fort McKay,Alberta,NOVA Gas Transmission Ltd.,Closed,57.3,-111.68,,Not Applicable,Not Applicable,Yes,2015,External Interference,Engineering and Planning
INC2015-130,Adverse Environmental Effects,2015-11-10,Fort McKay,Alberta,NOVA Gas Transmission Ltd.,Closed,57.3,-111.68,,Not Applicable,Not Applicable,Yes,2015,"External Interference, Natural Force Damage",Engineering and Planning
INC2015-137,Fire,2015-11-26,Fox Creek,Alberta,NOVA Gas Transmission Ltd.,Closed,54.445071,-117.697381,,Not Applicable,Not Applicable,No,2015,"Equipment Failure, External Interference","Human Factors, Maintenance"
INC2015-140,Fire,2015-12-04,Fort McMurray,Alberta,NOVA Gas Transmission Ltd.,Closed,55.9773,-112.0273,,Not Applicable,Not Applicable,No,2015,Other Causes,Maintenance
INC2015-141,Fire,2015-12-04,Fort McMurray,Alberta,NOVA Gas Transmission Ltd.,Closed,56.0207,-112.18207,,Not Applicable,Not Applicable,No,2015,"External Interference, Incorrect Operation",Maintenance
INC2015-142,Fire,2015-12-05,Fort McMurray,Alberta,NOVA Gas Transmission Ltd.,Closed,55.9788,-111.98153,,Not Applicable,Not Applicable,No,2015,Incorrect Operation,Human Factors
INC2015-146,Operation Beyond Design Limits,2015-12-12,Rainbow Lake,Alberta,NOVA Gas Transmission Ltd.,Closed,58.446355,-119.22343,,Not Applicable,Not Applicable,No,2015,"Equipment Failure, External Interference",Tools and Equipment
INC2016-064,Fire,2016-06-29,FT MacKy,Alberta,NOVA Gas Transmission Ltd.,Closed,56.98989959,-111.55817073,,Not Applicable,Not Applicable,No,2016,"External Interference, Incorrect Operation",Standards and Procedures
INC2015-152,Fire,2015-12-31,Fort McMurray ,Alberta,NOVA Gas Transmission Ltd.,Closed,56.04405,-112.43548,,Not Applicable,Not Applicable,No,2015,Other Causes,Maintenance
INC2016-010,Release of Substance,2016-01-19,"Manning, Alberta",Alberta,NOVA Gas Transmission Ltd.,Closed,57.42235949,-118.24922174,42.0,Natural Gas - Sweet,Gas,No,2016,Corrosion and Cracking,"Maintenance, Tools and Equipment"
INC2016-013,Fire,2016-01-25,Wabasca,Alberta,NOVA Gas Transmission Ltd.,Closed,56.4861,-114.11751,,Not Applicable,Not Applicable,No,2016,"External Interference, Incorrect Operation","Engineering and Planning, Tools and Equipment"
INC2016-025,Serious Injury (CER or TSB),2016-02-16,Fox Creek,Alberta,NOVA Gas Transmission Ltd.,Closed,54.45,-117.7,,Not Applicable,Not Applicable,Yes,2016,"External Interference, Incorrect Operation",Human Factors
INC2016-042,Operation Beyond Design Limits,2016-05-04,"North west of Manning, Alberta",Alberta,NOVA Gas Transmission Ltd.,Closed,57.191887,-118.193875,,Not Applicable,Not Applicable,No,2016,External Interference,Engineering and Planning
INC2016-043,Release of Substance,2016-05-11,"Smokey Lake, AB",Alberta,NOVA Gas Transmission Ltd.,Closed,54.097121,-112.562914,370.0,Natural Gas - Sweet,Gas,No,2016,Corrosion and Cracking,Maintenance
INC2016-044,Operation Beyond Design Limits,2016-05-11,"Hussar, AB",Alberta,NOVA Gas Transmission Ltd.,Closed,51.09872674,-112.6387157,,Not Applicable,Not Applicable,No,2016,Incorrect Operation,Failure in communication
INC2016-049,Fire,2016-05-18,Manning,Alberta,NOVA Gas Transmission Ltd.,Closed,57.18901,-118.1927,,Not Applicable,Not Applicable,No,2016,Incorrect Operation,Tools and Equipment
INC2016-056,Operation Beyond Design Limits,2016-06-03,"Assumption, AB",Alberta,NOVA Gas Transmission Ltd.,Closed,58.476598,-118.571115,,Not Applicable,Not Applicable,No,2016,Natural Force Damage,Natural or Environmental Forces
INC2016-057,Fire,2016-06-10,"Edson, AB",Alberta,NOVA Gas Transmission Ltd.,Closed,53.48753071,-116.46394145,,Not Applicable,Not Applicable,No,2016,"Equipment Failure, External Interference","Maintenance, Natural or Environmental Forces"
INC2016-063,Operation Beyond Design Limits,2016-06-29,Pecten,Alberta,NOVA Gas Transmission Ltd.,Closed,49.3064,-114.0392,,Not Applicable,Not Applicable,No,2016,"Equipment Failure, External Interference, Incorrect Operation",Tools and Equipment
INC2016-080,Release of Substance,2016-07-21,Jenner,Alberta,NOVA Gas Transmission Ltd.,Closed,50.70313,-111.157945,40.0,Natural Gas - Sweet,Gas,No,2016,Corrosion and Cracking,Maintenance
INC2016-082,Operation Beyond Design Limits,2016-07-26,"Pecten, Alberta",Alberta,NOVA Gas Transmission Ltd.,Closed,49.30721239,-114.01499449,,Not Applicable,Not Applicable,No,2016,Other Causes,Engineering and Planning
INC2016-083,Release of Substance,2016-07-27,Slave Lake,Alberta,NOVA Gas Transmission Ltd.,Closed,55.51043,-113.46468,52000.0,Natural Gas - Sweet,Gas,Yes,2016,Corrosion and Cracking,Maintenance
INC2016-086,Release of Substance,2016-08-03,Boyle,Alberta,NOVA Gas Transmission Ltd.,Closed,54.85067,-112.82706,1.0,Natural Gas - Sweet,Gas,No,2016,Corrosion and Cracking,Maintenance
INC2016-089,Operation Beyond Design Limits,2016-08-08,"Grande Prairie, Alberta",Alberta,NOVA Gas Transmission Ltd.,Closed,54.95,-119.194,,Not Applicable,Not Applicable,No,2016,External Interference,Engineering and Planning
INC2016-091,Fire,2016-08-13,"Fort McKay, AB",Alberta,NOVA Gas Transmission Ltd.,Closed,57.34,-111.68,,Not Applicable,Not Applicable,No,2016,"External Interference, Incorrect Operation",Tools and Equipment
INC2016-093,Fire,2016-08-14,"Lodgepole ,AB",Alberta,NOVA Gas Transmission Ltd.,Closed,53.10047466,-115.36423859,,Not Applicable,Not Applicable,No,2016,"External Interference, Incorrect Operation","Failure in communication, Human Factors, Maintenance, Standards and Procedures, Tools and Equipment"
INC2016-098,Fire,2016-08-25,"Smoky Lake, AB",Alberta,NOVA Gas Transmission Ltd.,Closed,54.09508652,-112.30584934,,Not Applicable,Not Applicable,No,2016,External Interference,Tools and Equipment
INC2016-100,Operation Beyond Design Limits,2016-08-25,"Endiang, Alberta",Alberta,NOVA Gas Transmission Ltd.,Closed,51.939713,-112.073701,,Not Applicable,Not Applicable,No,2016,Incorrect Operation,Tools and Equipment
INC2016-101,Operation Beyond Design Limits,2016-08-29,"Chisholm, Alberta",Alberta,NOVA Gas Transmission Ltd.,Closed,54.972665,-114.291775,,Not Applicable,Not Applicable,No,2016,"Incorrect Operation, Other Causes","Engineering and Planning, Maintenance"
INC2016-103,Release of Substance,2016-08-29,"Patricia, Alberta",Alberta,NOVA Gas Transmission Ltd.,Closed,50.696946,-111.53471,1.5,Lube Oil,Liquid,No,2016,Corrosion and Cracking,Engineering and Planning
INC2016-104,Operation Beyond Design Limits,2016-08-30,"Grande Prairie, Alberta",Alberta,NOVA Gas Transmission Ltd.,Closed,54.830119,-118.646961,,Not Applicable,Not Applicable,No,2016,Other Causes,Engineering and Planning
INC2016-112,Operation Beyond Design Limits,2016-09-16,"Chisholm, AB",Alberta,NOVA Gas Transmission Ltd.,Closed,55.069302,-114.442254,,Not Applicable,Not Applicable,No,2016,"External Interference, Incorrect Operation",Tools and Equipment
INC2016-116,Operation Beyond Design Limits,2016-09-26,"Grande Prairie, AB",Alberta,NOVA Gas Transmission Ltd.,Closed,54.830119,-118.646961,,Not Applicable,Not Applicable,No,2016,"External Interference, Other Causes","Engineering and Planning, Tools and Equipment"
INC2016-120,Release of Substance,2016-10-07,Didsbury,Alberta,NOVA Gas Transmission Ltd.,Closed,51.599421,-114.244235,342.0,Natural Gas - Sweet,Gas,No,2016,Equipment Failure,Maintenance
INC2016-133,Operation Beyond Design Limits,2016-11-18,St.Paul,Alberta,NOVA Gas Transmission Ltd.,Closed,53.960517,-111.806651,,Not Applicable,Not Applicable,No,2016,"External Interference, Incorrect Operation",Tools and Equipment
INC2016-139,Operation Beyond Design Limits,2016-11-24,"Grande Prairie, AB",Alberta,NOVA Gas Transmission Ltd.,Closed,55.128802,-119.389847,,Not Applicable,Not Applicable,No,2016,Incorrect Operation,Tools and Equipment
INC2016-140,Operation Beyond Design Limits,2016-11-29,Cranbrook,British Columbia,NOVA Gas Transmission Ltd.,Closed,49.3062,-114.03907,,Not Applicable,Not Applicable,No,2016,"External Interference, Incorrect Operation",Tools and Equipment
INC2016-142,Operation Beyond Design Limits,2016-12-06,"Endiang, Alberta",Alberta,NOVA Gas Transmission Ltd.,Closed,51.939713,-112.073701,,Not Applicable,Not Applicable,No,2016,Incorrect Operation,Tools and Equipment
INC2016-143,Operation Beyond Design Limits,2016-12-09,"Gordondale, Alberta",Alberta,NOVA Gas Transmission Ltd.,Closed,55.81164,-119.27018,,Not Applicable,Not Applicable,No,2016,"Equipment Failure, External Interference",Tools and Equipment
INC2016-149,Release of Substance,2016-12-23,"Bruce, AB",Alberta,NOVA Gas Transmission Ltd.,Closed,53.20998,-111.84962,9246.0,Natural Gas - Sweet,Gas,No,2016,Other Causes,Human Factors
INC2017-002,Operation Beyond Design Limits,2017-01-09,"Zama City, AB",Alberta,NOVA Gas Transmission Ltd.,Closed,59.05770283,-118.87194034,,Not Applicable,Not Applicable,No,2017,Equipment Failure,Failure in communication
INC2017-003,Operation Beyond Design Limits,2017-01-12,Brooks,Alberta,NOVA Gas Transmission Ltd.,Closed,50.54099862,-111.76003908,,Not Applicable,Not Applicable,No,2017,External Interference,Engineering and Planning
INC2017-004,Operation Beyond Design Limits,2017-01-16,"Chisholm, Alberta",Alberta,NOVA Gas Transmission Ltd.,Closed,55.069302,-114.442254,,Not Applicable,Not Applicable,No,2017,"External Interference, Incorrect Operation",Tools and Equipment
INC2017-005,Operation Beyond Design Limits,2017-01-16,"Hythe, Alberta",Alberta,NOVA Gas Transmission Ltd.,Closed,55.521447,-119.35451354,,Not Applicable,Not Applicable,No,2017,External Interference,Engineering and Planning
INC2017-012,Fire,2017-01-29,"Edson, AB",Alberta,NOVA Gas Transmission Ltd.,Closed,53.574646,-116.560407,,Not Applicable,Not Applicable,No,2017,"External Interference, Incorrect Operation","Maintenance, Tools and Equipment"
INC2017-013,Fire,2017-01-29,"Edson, AB",Alberta,NOVA Gas Transmission Ltd.,Closed,53.651993,-116.707123,,Not Applicable,Not Applicable,No,2017,"External Interference, Incorrect Operation","Failure in communication, Maintenance, Tools and Equipment"
INC2017-019,Fire,2017-02-08,"Bonanza, Alberta",Alberta,NOVA Gas Transmission Ltd.,Closed,55.8974,-119.4945,,Not Applicable,Not Applicable,No,2017,Other Causes,Human Factors
INC2017-020,Fire,2017-02-14,Cleardale,Alberta,NOVA Gas Transmission Ltd.,Closed,56.537345,-119.903125,,Not Applicable,Not Applicable,No,2017,Other Causes,Natural or Environmental Forces
INC2017-021,Fire,2017-02-15,Fort McMurray,Alberta,NOVA Gas Transmission Ltd.,Closed,56.66181,-111.78793,,Not Applicable,Not Applicable,No,2017,External Interference,Maintenance
INC2017-022,Operation Beyond Design Limits,2017-02-17,Grande Cache,Alberta,NOVA Gas Transmission Ltd.,Closed,54.38978294,-118.77914166,,Not Applicable,Not Applicable,No,2017,External Interference,Engineering and Planning
INC2017-024,Fire,2017-02-19,"Cleardale, Alberta",Alberta,NOVA Gas Transmission Ltd.,Closed,56.85842,-120.04474,,Not Applicable,Not Applicable,No,2017,"External Interference, Incorrect Operation","Human Factors, Maintenance, Tools and Equipment"
INC2017-030,Fire,2017-02-26,"Edson, AB",Alberta,NOVA Gas Transmission Ltd.,Closed,53.64385,-116.69339,,Not Applicable,Not Applicable,No,2017,"External Interference, Incorrect Operation","Engineering and Planning, Maintenance, Standards and Procedures, Tools and Equipment"
INC2017-034,Fire,2017-03-04,"Conklin, AB",Alberta,NOVA Gas Transmission Ltd.,Closed,55.8748,-110.774,,Not Applicable,Not Applicable,No,2017,"External Interference, Incorrect Operation",Failure in communication
INC2017-039,Release of Substance,2017-03-15,"Goodlow, BC",Alberta,NOVA Gas Transmission Ltd.,Closed,56.36,-119.92,25000.0,Natural Gas - Sweet,Gas,No,2017,Incorrect Operation,Maintenance
INC2017-040,Fire,2017-03-17,Bonanza,Alberta,NOVA Gas Transmission Ltd.,Closed,56.4,-119.9,,Not Applicable,Not Applicable,No,2017,"External Interference, Incorrect Operation","Failure in communication, Human Factors"
INC2017-044,Fire,2017-03-22,Bonanza,Alberta,NOVA Gas Transmission Ltd.,Closed,56.38,-119.92,,Not Applicable,Not Applicable,No,2017,"External Interference, Incorrect Operation",Human Factors
INC2017-045,Fire,2017-03-22,High Prairie,Alberta,NOVA Gas Transmission Ltd.,Closed,56.933508,-115.228594,,Not Applicable,Not Applicable,No,2017,Incorrect Operation,Human Factors
INC2017-047,Fire,2017-03-30,"Bonanza, AB",Alberta,NOVA Gas Transmission Ltd.,Closed,55.9663241,-119.59767515,,Not Applicable,Not Applicable,No,2017,"External Interference, Incorrect Operation",Human Factors
INC2017-048,Operation Beyond Design Limits,2017-03-30,"Endiang, AB",Alberta,NOVA Gas Transmission Ltd.,Closed,51.35976855,-111.74254529,,Not Applicable,Not Applicable,No,2017,External Interference,Tools and Equipment
INC2017-049,Fire,2017-04-04,"Athabasca,AB",Alberta,NOVA Gas Transmission Ltd.,Closed,56.17861,-112.842775,,Not Applicable,Not Applicable,No,2017,"External Interference, Incorrect Operation",Maintenance
INC2017-053,Release of Substance,2017-04-15,"Patricia, Alberta ",Alberta,NOVA Gas Transmission Ltd.,Closed,50.69834843,-111.53063326,1.75,Lube Oil,Liquid,No,2017,"Corrosion and Cracking, Incorrect Operation",Engineering and Planning
INC2017-059,Operation Beyond Design Limits,2017-05-05,"Smoky Lake , AB",Alberta,NOVA Gas Transmission Ltd.,Closed,53.96114,-112.32891,,Not Applicable,Not Applicable,No,2017,Incorrect Operation,Engineering and Planning
INC2017-064,Operation Beyond Design Limits,2017-05-09,Rainbow Lake,Alberta,NOVA Gas Transmission Ltd.,Closed,58.476667,-118.571167,,Not Applicable,Not Applicable,No,2017,"External Interference, Incorrect Operation",Tools and Equipment
INC2017-075,Release of Substance,2017-06-02,"Bruce, Alberta",Alberta,NOVA Gas Transmission Ltd.,Closed,53.01993,-112.18718,1.0,Natural Gas - Sweet,Gas,No,2017,"Equipment Failure, Incorrect Operation, Natural Force Damage",Natural or Environmental Forces
INC2017-079,Release of Substance,2017-06-19,Grovedale,Alberta,NOVA Gas Transmission Ltd.,Closed,54.95988,-119.1945,7.5,Natural Gas - Sweet,Gas,No,2017,Natural Force Damage,Natural or Environmental Forces
INC2017-091,Release of Substance,2017-06-28,"Fox Creek, AB",Alberta,NOVA Gas Transmission Ltd.,Closed,54.04370807,-117.42054229,2.0,Natural Gas - Sweet,Gas,No,2017,Corrosion and Cracking,Tools and Equipment
INC2017-094,Operation Beyond Design Limits,2017-07-10,"Hanna, Alberta",Alberta,NOVA Gas Transmission Ltd.,Closed,51.4,-111.79,,Not Applicable,Not Applicable,No,2017,Incorrect Operation,Tools and Equipment
INC2017-095,Operation Beyond Design Limits,2017-07-10,"Bonanza, Alberta",Alberta,NOVA Gas Transmission Ltd.,Closed,55.89250404,-119.79138263,,Not Applicable,Not Applicable,No,2017,External Interference,Engineering and Planning
INC2017-097,Operation Beyond Design Limits,2017-07-12,"Twin Butte, AB",Alberta,NOVA Gas Transmission Ltd.,Closed,49.30721239,-114.01499449,,Not Applicable,Not Applicable,No,2017,Other Causes,Tools and Equipment
INC2017-100,Fire,2017-07-14,"Patricia, AB",Alberta,NOVA Gas Transmission Ltd.,Closed,50.697092,-111.489744,,Not Applicable,Not Applicable,No,2017,External Interference,Natural or Environmental Forces
INC2017-114,Release of Substance,2017-08-10,Redwater,Alberta,NOVA Gas Transmission Ltd.,Closed,54.057238,-113.219046,17022.0,Natural Gas - Sweet,Gas,No,2017,Corrosion and Cracking,"Engineering and Planning, Maintenance"
INC2017-115,Release of Substance,2017-08-11,"Rosemary, AB",Alberta,NOVA Gas Transmission Ltd.,Closed,50.71329,-112.09327,9777.0,Natural Gas - Sweet,Gas,No,2017,"Corrosion and Cracking, External Interference",Natural or Environmental Forces
INC2017-145,Fire,2017-09-16,"Dawson Creek, British Columbia",British Columbia,NOVA Gas Transmission Ltd.,Closed,55.956023,-120.672487,,Not Applicable,Not Applicable,No,2017,"External Interference, Incorrect Operation, Other Causes",Tools and Equipment
INC2017-156,Operation Beyond Design Limits,2017-09-25,"Rosemary, AB",Alberta,NOVA Gas Transmission Ltd.,Closed,50.71,-112.09,,Not Applicable,Not Applicable,No,2017,Incorrect Operation,Tools and Equipment
INC2017-167,Release of Substance,2017-10-13,Drayton Valley,Alberta,NOVA Gas Transmission Ltd.,Closed,53.10047466,-115.36423859,24.0,Natural Gas - Sweet,Gas,No,2017,"Defect and Deterioration, Incorrect Operation","Inadequate Procurement, Inadequate Supervision, Standards and Procedures"
INC2017-169,Release of Substance,2017-10-20,Grovedale,Alberta,NOVA Gas Transmission Ltd.,Closed,54.63,-118.95,10.0,Natural Gas - Sweet,Gas,No,2017,Corrosion and Cracking,Engineering and Planning
INC2017-170,Release of Substance,2017-10-23,St. Paul,Alberta,NOVA Gas Transmission Ltd.,Closed,53.83523,-111.33383,6474.0,Natural Gas - Sweet,Gas,No,2017,Corrosion and Cracking,Engineering and Planning
INC2017-171,Serious Injury (CER or TSB),2017-10-23,"Brooks, AB",Alberta,NOVA Gas Transmission Ltd.,Closed,50.79194,-111.85074,,Not Applicable,Not Applicable,Yes,2017,"External Interference, Incorrect Operation",Inadequate Supervision
INC2017-180,Fire,2017-11-04,Edson,Alberta,NOVA Gas Transmission Ltd.,Closed,53.724204,-116.831116,,Not Applicable,Not Applicable,No,2017,"External Interference, Incorrect Operation","Failure in communication, Human Factors, Inadequate Supervision"
INC2017-186,Release of Substance,2017-11-20,Lac La Biche,Alberta,NOVA Gas Transmission Ltd.,Closed,54.67505,-111.98999,18337.0,Natural Gas - Sweet,Gas,No,2017,Corrosion and Cracking,"Engineering and Planning, Maintenance"
INC2017-189,Release of Substance,2017-11-23,Dawson Creek,British Columbia,NOVA Gas Transmission Ltd.,Closed,55.78756,-120.53231,2.05,Natural Gas - Sweet,Gas,No,2017,Corrosion and Cracking,Engineering and Planning
INC2017-194,Release of Substance,2017-12-06,Fox Creek,Alberta,NOVA Gas Transmission Ltd.,Closed,54.04370807,-117.42054229,7552.0,Natural Gas - Sweet,Gas,No,2017,Defect and Deterioration,Standards and Procedures
INC2017-195,Release of Substance,2017-12-06,Fox Creek,Alberta,NOVA Gas Transmission Ltd.,Closed,54.17425,-116.67334,5125.0,Natural Gas - Sweet,Gas,No,2017,Corrosion and Cracking,Engineering and Planning
INC2017-197,Release of Substance,2017-12-13,Irricana,Alberta,NOVA Gas Transmission Ltd.,Closed,51.40840045,-113.6557044,786.0,Natural Gas - Sweet,Gas,No,2017,Defect and Deterioration,Engineering and Planning
INC2017-201,Release of Substance,2017-12-27,Fox Creek,Alberta,NOVA Gas Transmission Ltd.,Closed,54.04370807,-117.42054229,252.0,Natural Gas - Sweet,Gas,No,2017,Corrosion and Cracking,Maintenance
INC2018-003,Release of Substance,2018-01-11,"Manning, AB",Alberta,NOVA Gas Transmission Ltd.,Closed,57.19025,-118.19293899,265457.0,Natural Gas - Sweet,Gas,Yes,2018,Equipment Failure,Tools and Equipment
INC2018-004,Operation Beyond Design Limits,2018-01-12,"Dawson Creek, BC",British Columbia,NOVA Gas Transmission Ltd.,Closed,55.87541498,-120.55960933,,Not Applicable,Not Applicable,No,2018,Incorrect Operation,"Failure in communication, Human Factors"
INC2018-005,Fire,2018-01-12,"Bonnyville, AB",Alberta,NOVA Gas Transmission Ltd.,Closed,54.3096738,-111.25924282,,Not Applicable,Not Applicable,No,2018,External Interference,"Engineering and Planning, Natural or Environmental Forces, Tools and Equipment"
INC2018-006,Fire,2018-01-16,"Wandering River, AB",Alberta,NOVA Gas Transmission Ltd.,Closed,56.080761,-112.540799,,Not Applicable,Not Applicable,No,2018,Incorrect Operation,Human Factors
INC2018-011,Fire,2018-01-25,Sundre,Alberta,NOVA Gas Transmission Ltd.,Closed,51.81266189,-114.58039839,,Not Applicable,Not Applicable,No,2018,"External Interference, Incorrect Operation","Natural or Environmental Forces, Tools and Equipment"
INC2018-012,Release of Substance,2018-02-01,Drayton Valley,Alberta,NOVA Gas Transmission Ltd.,Closed,53.10047466,-115.36423859,17260.0,Natural Gas - Sweet,Gas,No,2018,"Corrosion and Cracking, Incorrect Operation",Maintenance
INC2018-016,Fire,2018-02-16,"Cremona, Alberta",Alberta,NOVA Gas Transmission Ltd.,Closed,51.44418383,-114.52710752,,Not Applicable,Not Applicable,No,2018,Corrosion and Cracking,Engineering and Planning
INC2018-028,Release of Substance,2018-04-14,"Lac La Biche, AB",Alberta,NOVA Gas Transmission Ltd.,Closed,54.532966,-112.094773,50622.5,Natural Gas - Sweet,Gas,Yes,2018,Corrosion and Cracking,Engineering and Planning
INC2018-042,Operation Beyond Design Limits,2018-05-04,"Carbon, AB",Alberta,NOVA Gas Transmission Ltd.,Closed,51.607465,-113.044308,,Not Applicable,Not Applicable,No,2018,External Interference,Natural or Environmental Forces
INC2018-052,Operation Beyond Design Limits,2018-05-29,"Brooks, AB",Alberta,NOVA Gas Transmission Ltd.,Closed,50.740621,-111.534895,,Not Applicable,Not Applicable,No,2018,"External Interference, Natural Force Damage",Natural or Environmental Forces
INC2018-056,Operation Beyond Design Limits,2018-06-06,"Rycroft, AB",Alberta,NOVA Gas Transmission Ltd.,Closed,55.61114,-118.47815,,Not Applicable,Not Applicable,No,2018,External Interference,Natural or Environmental Forces
INC2018-058,Operation Beyond Design Limits,2018-06-07,"Brooks, AB",Alberta,NOVA Gas Transmission Ltd.,Closed,50.6992,-111.54346,,Not Applicable,Not Applicable,No,2018,"External Interference, Natural Force Damage",Natural or Environmental Forces
INC2018-060,Release of Substance,2018-06-10,"Slave Lake, AB",Alberta,NOVA Gas Transmission Ltd.,Closed,55.25153009,-114.52175252,13944.0,Natural Gas - Sweet,Gas,No,2018,"Equipment Failure, External Interference",Engineering and Planning
INC2018-070,Operation Beyond Design Limits,2018-06-29,Saddle Hills,Alberta,NOVA Gas Transmission Ltd.,Closed,56.05924,-119.71935,,Not Applicable,Not Applicable,No,2018,"External Interference, Natural Force Damage",Natural or Environmental Forces
INC2018-082,Serious Injury (CER or TSB),2018-08-01,Slave Lake,Alberta,NOVA Gas Transmission Ltd.,Closed,55.641057,-113.882761,,Not Applicable,Not Applicable,Yes,2018,Other Causes,Human Factors
INC2018-083,Operation Beyond Design Limits,2018-08-02,Fawcett,Alberta,NOVA Gas Transmission Ltd.,Closed,54.43388,-114.11625,,Not Applicable,Not Applicable,No,2018,"External Interference, Natural Force Damage",Natural or Environmental Forces
INC2018-094,Operation Beyond Design Limits,2018-08-21,"Conklin, Alberta",Alberta,NOVA Gas Transmission Ltd.,Closed,55.94363,-111.7577,,Not Applicable,Not Applicable,No,2018,Natural Force Damage,Natural or Environmental Forces
INC2018-098,Fire,2018-08-22,"Big Valley, Alberta",Alberta,NOVA Gas Transmission Ltd.,Closed,51.93893056,-112.07496448,,Not Applicable,Not Applicable,No,2018,"External Interference, Incorrect Operation","Human Factors, Inadequate Supervision"
INC2018-103,Fire,2018-08-24,"Sedgewick, AB",Alberta,NOVA Gas Transmission Ltd.,Closed,52.60985,-111.67055,,Not Applicable,Not Applicable,No,2018,"Equipment Failure, Incorrect Operation","Maintenance, Standards and Procedures"
INC2018-113,Serious Injury (CER or TSB),2018-09-06,"Albright, Alberta ",Alberta,NOVA Gas Transmission Ltd.,Closed,55.2648,-119.4951,,Not Applicable,Not Applicable,Yes,2018,External Interference,Human Factors
INC2018-145,Release of Substance,2018-10-15,Cleardale,Alberta,NOVA Gas Transmission Ltd.,Closed,56.37079958,-119.9226624,10.0,Natural Gas - Sweet,Gas,No,2018,Corrosion and Cracking,"Engineering and Planning, Maintenance"
INC2018-117,Release of Substance,2018-09-14,"Glendon, AB",Alberta,NOVA Gas Transmission Ltd.,Submitted,54.414958,-111.158422,50767.0,Natural Gas - Sweet,Gas,Yes,2018,Corrosion and Cracking,"Engineering and Planning, Tools and Equipment"
INC2018-119,Fire,2018-09-15,"Spirit River, AB",Alberta,NOVA Gas Transmission Ltd.,Closed,55.81692,-119.4138,,Not Applicable,Not Applicable,No,2018,"External Interference, Incorrect Operation",Inadequate Supervision
INC2018-132,Fire,2018-09-26,"Gordondale, AB",Alberta,NOVA Gas Transmission Ltd.,Closed,49.0,-120.0,,Not Applicable,Not Applicable,No,2018,"External Interference, Incorrect Operation","Engineering and Planning, Inadequate Supervision"
INC2018-139,Release of Substance,2018-10-06,Rainier,Alberta,NOVA Gas Transmission Ltd.,Closed,50.30496,-112.09675,607.13,Natural Gas - Sweet,Gas,No,2018,Corrosion and Cracking,"Engineering and Planning, Failure in communication"
INC2018-153,Fire,2018-10-20,Fort St John,British Columbia,NOVA Gas Transmission Ltd.,Closed,56.78555556,-122.13194444,,Not Applicable,Not Applicable,No,2018,External Interference,Natural or Environmental Forces
INC2018-165,Release of Substance,2018-11-21,"Trout Lake, Alberta",Alberta,NOVA Gas Transmission Ltd.,Closed,56.48610421,-114.11750799,8213.59,Natural Gas - Sweet,Gas,No,2018,"Corrosion and Cracking, Incorrect Operation","Standards and Procedures, Tools and Equipment"
INC2018-186,Fire,2018-12-19,Mc Neil,Alberta,NOVA Gas Transmission Ltd.,Closed,50.684356,-110.082945,,Not Applicable,Not Applicable,No,2018,"External Interference, Incorrect Operation",Inadequate Supervision
INC2019-004,Fire,2019-01-10,"Fox Creek, AB",Alberta,NOVA Gas Transmission Ltd.,Closed,54.401614,-118.020456,,Not Applicable,Not Applicable,No,2019,"Equipment Failure, Incorrect Operation","Human Factors, Standards and Procedures"
INC2019-005,Fire,2019-01-10,Fort St John,British Columbia,NOVA Gas Transmission Ltd.,Closed,56.510406,-121.869944,,Not Applicable,Not Applicable,No,2019,Incorrect Operation,Human Factors
INC2019-007,Fire,2019-01-15,Valleyview,Alberta,NOVA Gas Transmission Ltd.,Closed,55.035897,-117.363566,,Not Applicable,Not Applicable,No,2019,"External Interference, Incorrect Operation","Engineering and Planning, Human Factors, Inadequate Supervision"
INC2019-008,Release of Substance,2019-01-16,Cleardale,Alberta,NOVA Gas Transmission Ltd.,Closed,56.37079958,-119.9226624,2866.0,Natural Gas - Sweet,Gas,No,2019,Corrosion and Cracking,Maintenance
INC2019-013,Release of Substance,2019-01-27,"Thorhild, AB",Alberta,NOVA Gas Transmission Ltd.,Closed,54.09446953,-113.23131808,0.13,Natural Gas - Sweet,Gas,No,2019,Corrosion and Cracking,"Engineering and Planning, Maintenance"
INC2019-018,Fire,2019-02-04,Grande Prairie,Alberta,NOVA Gas Transmission Ltd.,Closed,54.48310727,-118.09993252,,Not Applicable,Not Applicable,No,2019,"External Interference, Incorrect Operation","Maintenance, Natural or Environmental Forces"
INC2019-019,Serious Injury (CER or TSB),2019-02-05,"Wonowon, British Columbia",British Columbia,NOVA Gas Transmission Ltd.,Closed,54.78775,-122.12972222,,Not Applicable,Not Applicable,Yes,2019,"External Interference, Incorrect Operation","Failure in communication, Human Factors, Maintenance"
INC2019-020,Fire,2019-02-06,Chetwynd ,British Columbia,NOVA Gas Transmission Ltd.,Closed,54.04048,-121.180202,,Not Applicable,Not Applicable,No,2019,"External Interference, Other Causes",Natural or Environmental Forces
INC2019-022,Fire,2019-02-07,"Burstall, Alberta",Alberta,NOVA Gas Transmission Ltd.,Closed,50.66117043,-110.02507115,,Not Applicable,Not Applicable,No,2019,External Interference,"Inadequate Supervision, Maintenance"
INC2019-028,Fire,2019-02-28,Edson,Alberta,NOVA Gas Transmission Ltd.,Closed,53.24568023,-116.23962717,,Not Applicable,Not Applicable,No,2019,Other Causes,Natural or Environmental Forces
INC2019-030,Fire,2019-03-05,"Wonowon, BC",British Columbia,NOVA Gas Transmission Ltd.,Closed,56.780686,-122.146267,,Not Applicable,Not Applicable,No,2019,Equipment Failure,Maintenance
INC2019-037,Adverse Environmental Effects,2019-03-26,Fort St Johns,British Columbia,NOVA Gas Transmission Ltd.,Closed,56.026111,-121.139444,,Not Applicable,Not Applicable,Yes,2019,"External Interference, Other Causes","Natural or Environmental Forces, Tools and Equipment"
INC2019-041,Release of Substance,2019-04-17,"Edson, AB",Alberta,NOVA Gas Transmission Ltd.,Closed,53.381576,-115.615938,192183.49,Natural Gas - Sweet,Gas,Yes,2019,Corrosion and Cracking,"Engineering and Planning, Maintenance"
INC2019-062,Fire,2019-05-27,"Hanna, AB",Alberta,NOVA Gas Transmission Ltd.,Closed,51.91564,-111.74472,,Not Applicable,Not Applicable,No,2019,"Equipment Failure, Incorrect Operation","Maintenance, Standards and Procedures"
INC2019-072,Operation Beyond Design Limits,2019-06-18,"Donatville, AB",Alberta,NOVA Gas Transmission Ltd.,Closed,54.782498,-112.808838,,Not Applicable,Not Applicable,No,2019,"External Interference, Natural Force Damage",Natural or Environmental Forces
INC2019-084,Fire,2019-07-22,Beaverlodge,Alberta,NOVA Gas Transmission Ltd.,Closed,55.12858033,-119.38984699,,Not Applicable,Not Applicable,No,2019,External Interference,Natural or Environmental Forces
INC2019-091,Serious Injury (CER or TSB),2019-08-15,Edson,Alberta,NOVA Gas Transmission Ltd.,Closed,53.88869,-117.11462,,Not Applicable,Not Applicable,Yes,2019,"External Interference, Incorrect Operation","Human Factors, Inadequate Supervision, Tools and Equipment"
INC2019-100,Fire,2019-09-11,"Crossfield, AB",Alberta,NOVA Gas Transmission Ltd.,Closed,51.40375331,-114.03396956,,Not Applicable,Not Applicable,No,2019,"Equipment Failure, External Interference",Maintenance
INC2019-113,Release of Substance,2019-10-18,"Water Valley, AB",Alberta,NOVA Gas Transmission Ltd.,Closed,51.44418383,-114.52710752,3.18,Lube Oil,Liquid,No,2019,"Equipment Failure, Other Causes",Inadequate Procurement
INC2019-114,Operation Beyond Design Limits,2019-10-21,"Wandering River, AB",Alberta,NOVA Gas Transmission Ltd.,Closed,54.993657,-112.523208,,Not Applicable,Not Applicable,No,2019,Natural Force Damage,Natural or Environmental Forces
INC2019-116,Fire,2019-10-23,"Edson, AB",Alberta,NOVA Gas Transmission Ltd.,Closed,53.7905953,-116.9528857,,Not Applicable,Not Applicable,No,2019,"External Interference, Incorrect Operation",Tools and Equipment
INC2019-120,Release of Substance,2019-11-05,"Edson, Alberta",Alberta,NOVA Gas Transmission Ltd.,Submitted,53.198331,-116.194173,31775.96,Natural Gas - Sweet,Gas,Yes,2019,Corrosion and Cracking,"Engineering and Planning, Maintenance"
INC2019-131,Serious Injury (CER or TSB),2019-12-09,"Edson, AB",Alberta,NOVA Gas Transmission Ltd.,Closed,53.780254,-116.629058,,Not Applicable,Not Applicable,Yes,2019,External Interference,"Human Factors, Natural or Environmental Forces"
INC2019-133,Fire,2019-12-15,"Wonowon, BC",British Columbia,NOVA Gas Transmission Ltd.,Closed,56.966387,-122.083585,,Not Applicable,Not Applicable,No,2019,External Interference,Maintenance
INC2020-006,Fire,2020-01-26,"Paddle Prairie, AB",Alberta,NOVA Gas Transmission Ltd.,Closed,57.80784558,-118.09967795,,Not Applicable,Not Applicable,No,2020,External Interference,To be determined
INC2020-007,Fire,2020-01-28,Manning,Alberta,NOVA Gas Transmission Ltd.,Closed,57.12286944,-117.63194444,,Not Applicable,Not Applicable,No,2020,External Interference,Maintenance
INC2020-014,Serious Injury (CER or TSB),2020-02-04,Fort St. John,British Columbia,NOVA Gas Transmission Ltd.,Closed,56.894,-122.14,,Not Applicable,Not Applicable,Yes,2020,External Interference,Natural or Environmental Forces
INC2020-015,Fire,2020-02-04,Hinton ,Alberta,NOVA Gas Transmission Ltd.,Closed,54.01,-117.37,,Not Applicable,Not Applicable,No,2020,"External Interference, Incorrect Operation","Human Factors, Natural or Environmental Forces, Tools and Equipment"
INC2020-016,Release of Substance,2020-02-07,Edson ,Alberta,NOVA Gas Transmission Ltd.,Initially Submitted,53.198483,-116.192766,0.1,Natural Gas - Sweet,Gas,No,2020,To be determined,To be determined
INC2020-017,Release of Substance,2020-02-14,"Daysland, AB",Alberta,NOVA Gas Transmission Ltd.,Closed,52.98812718,-112.19138271,22702.0,Natural Gas - Sweet,Gas,No,2020,Corrosion and Cracking,"Engineering and Planning, Maintenance"
INC2020-026,Fire,2020-03-01,Claresholm,Alberta,NOVA Gas Transmission Ltd.,Closed,49.97579813,-114.13122747,,Not Applicable,Not Applicable,No,2020,"External Interference, Incorrect Operation","Inadequate Supervision, Tools and Equipment"
INC2020-033,Fire,2020-03-23,Conklin,Alberta,NOVA Gas Transmission Ltd.,Submitted,55.688457,-111.442978,,Not Applicable,Not Applicable,No,2020,"Defect and Deterioration, External Interference",Maintenance
INC2020-034,Fire,2020-03-30,Ft. St. John ,British Columbia,NOVA Gas Transmission Ltd.,Closed,56.96144805,-122.07628418,,Not Applicable,Not Applicable,No,2020,Incorrect Operation,Human Factors
INC2020-036,Release of Substance,2020-04-10,Edson,Alberta,NOVA Gas Transmission Ltd.,Initially Submitted,53.77239,-116.91948,9100.0,Natural Gas - Sweet,Gas,No,2020,To be determined,To be determined
INC2020-039,Release of Substance,2020-04-23,Grande Prairie,Alberta,NOVA Gas Transmission Ltd.,Closed,54.48310727,-118.09993252,129636.35,Natural Gas - Sweet,Gas,Yes,2020,Corrosion and Cracking,Maintenance
INC2020-040,Operation Beyond Design Limits,2020-04-24,Two Hills,Alberta,NOVA Gas Transmission Ltd.,Submitted,53.76999,-111.9527,,Not Applicable,Not Applicable,No,2020,"External Interference, Natural Force Damage",Natural or Environmental Forces
INC2020-043,Release of Substance,2020-04-26,Fort McMurray,Alberta,NOVA Gas Transmission Ltd.,Initially Submitted,56.7054,-111.403,1.0,Natural Gas - Sweet,Gas,No,2020,To be determined,To be determined
INC2020-047,Operation Beyond Design Limits,2020-05-05,Fort McMurray,Alberta,NOVA Gas Transmission Ltd.,Initially Submitted,56.514333,-113.679722,,Not Applicable,Not Applicable,No,2020,To be determined,To be determined
INC2020-050,Release of Substance,2020-05-24,Longview ,Alberta,NOVA Gas Transmission Ltd.,Initially Submitted,50.38248,-114.226414,86.0,Natural Gas - Sweet,Gas,No,2020,To be determined,To be determined
INC2020-060,Operation Beyond Design Limits,2020-06-14,Drayton Valley AB,Alberta,NOVA Gas Transmission Ltd.,Initially Submitted,53.38098,-115.61765,,Not Applicable,Not Applicable,No,2020,To be determined,To be determined
INC2020-067,Operation Beyond Design Limits,2020-06-26,Gordondale,Alberta,NOVA Gas Transmission Ltd.,Initially Submitted,55.79381,-119.03227,,Not Applicable,Not Applicable,No,2020,To be determined,To be determined
INC2020-073,Operation Beyond Design Limits,2020-07-14,Edson,Alberta,NOVA Gas Transmission Ltd.,Initially Submitted,53.836111,-117.030833,,Not Applicable,Not Applicable,No,2020,To be determined,To be determined
INC2020-085,Operation Beyond Design Limits,2020-08-14,Fort Saskatchewan,Alberta,NOVA Gas Transmission Ltd.,Initially Submitted,54.584424,-114.076803,,Not Applicable,Not Applicable,No,2020,To be determined,To be determined
