EventNumber,Company Name,Pipeline Name,Product Carried,Facility Name,Facility Type,Province,NearestPopulatedCentre,Applicable Land Use,Latitude,Longitude,Site Status,Activity At Time,Final Submission Date,Contaminants at the Site,Initial Estimate of Contaminated soil m3,Is site within 30 m of waterbody
REM2018-019,Trans Mountain Pipeline ULC,MAINLINE LOOP: KAMLOOPS SECTION,Crude Oil,DARFIELD,Prime Mover,British Columbia,Darfield,Developed Land - Industrial,51.31,-120.18,Ongoing remediation,Operation,2018-09-13 11:16:03.237,"Petroleum Hydrocarbons (PHC);Polycyclic Aromatic Hydrocarbons (PAH);Benzene, Toluene, Ethylbenzene, Xylenes (BTEX)",111,False
REM2018-023,Enbridge Pipelines Inc.,Not Specified,Not Specified,EDMONTON TERMINAL,Storage,Alberta,Sherwood Park,Developed Land - Industrial,53.55,-113.36,Facility monitoring,Maintenance,2018-09-25 16:40:29.577,Petroleum Hydrocarbons (PHC),0,False
REM2018-024,Enbridge Pipelines Inc.,Not Specified,Not Specified,Hardisty Terminal,Storage,Alberta,Hardisty,Developed Land - Industrial,52.64,-111.28,Facility monitoring,Construction,2018-09-25 16:54:39.583,Petroleum Hydrocarbons (PHC);Polycyclic Aromatic Hydrocarbons (PAH),0,False
REM2018-025,TEML Westspur Pipelines Limited,NH-SPUR,Crude Oil,Not Specified,Not Specified,Saskatchewan,Alida,Agricultural Land,49.36,-101.74,Post-remediation monitoring,Maintenance,2018-09-26 11:04:55.797,"Petroleum Hydrocarbons (PHC);Polycyclic Aromatic Hydrocarbons (PAH);Benzene, Toluene, Ethylbenzene, Xylenes (BTEX);Volatile Organic Compounds (VOC) other than BTEX;Salts",400,False
REM2018-026,Enbridge Pipelines Inc.,Not Specified,Not Specified,Bethune Station,Storage,Saskatchewan,Bethune,Developed Land - Industrial,50.62,-105.24,Facility monitoring,Maintenance,2018-09-27 13:46:53.990,"Petroleum Hydrocarbons (PHC);Polycyclic Aromatic Hydrocarbons (PAH);Benzene, Toluene, Ethylbenzene, Xylenes (BTEX)",250,False
REM2018-028,Enbridge Pipelines Inc.,Not Specified,Not Specified,Edmonton Terminal South,Not Specified,Alberta,Sherwood Park,Developed Land - Industrial,53.54,-113.36,Facility monitoring,Maintenance,2018-10-09 11:17:46.923,"Petroleum Hydrocarbons (PHC);Benzene, Toluene, Ethylbenzene, Xylenes (BTEX)",0,False
REM2018-029,Enbridge Pipelines Inc.,Not Specified,Not Specified,Sarina Terminal,Storage,Ontario,Sarina,Developed Land - Industrial,42.95,-82.37,Facility monitoring,Maintenance,2018-10-17 13:02:09.690,"Petroleum Hydrocarbons (PHC);Benzene, Toluene, Ethylbenzene, Xylenes (BTEX)",18,False
REM2018-030,TransCanada PipeLines Limited,HOLDEN LATERAL - NPS 6,Natural Gas Sweet,Not Specified,Not Specified,Alberta,Holden,Agricultural Land,53.16,-112.3,Ongoing remediation,Maintenance,2018-12-03 08:56:28.777,"Petroleum Hydrocarbons (PHC);Polycyclic Aromatic Hydrocarbons (PAH);Benzene, Toluene, Ethylbenzene, Xylenes (BTEX)",11,True
REM2018-031,Tundra Energy Marketing Limited,Not Specified,Not Specified,Alida Terminal,Other Facility,Saskatchewan,Alida,Developed Land - Industrial,49.42,-101.87,Facility monitoring,Maintenance,2018-10-22 14:05:32.800,Petroleum Hydrocarbons (PHC),150,False
REM2018-032,Enbridge Pipelines Inc.,Line 2,Crude Oil,Not Specified,Not Specified,Manitoba,Swan Lake,Agricultural Land,49.41,-98.83,Site assessment,Operation,2018-10-30 09:00:44.517,"Petroleum Hydrocarbons (PHC);Polycyclic Aromatic Hydrocarbons (PAH);Benzene, Toluene, Ethylbenzene, Xylenes (BTEX)",4600,True
REM2018-033,Enbridge Pipelines Inc.,Line 1,Crude Oil,Not Specified,Not Specified,Manitoba,Carroll,Agricultural Land,49.62,-99.96,Site assessment,Construction,2018-11-08 11:34:58.120,Polycyclic Aromatic Hydrocarbons (PAH),0,False
REM2018-034,"Westcoast Energy Inc., carrying on business as Spectra Energy Transmission","20"" Pointed Mountain Pipeline",Multiphase Sour,Not Specified,Not Specified,Northwest Territories,Hay River ,Developed Land - Industrial,60.24,-123.49,Site assessment,Maintenance,2018-11-30 09:53:27.777,Petroleum Hydrocarbons (PHC),1,False
REM2018-036,Enbridge Pipelines Inc.,Line 2,Crude Oil,Not Specified,Not Specified,Alberta,Kingman,Agricultural Land,53.16,-112.78,Site assessment,Maintenance,2018-11-28 10:04:15.863,Polycyclic Aromatic Hydrocarbons (PAH),0,True
REM2018-038,Enbridge Pipelines Inc.,Line 9,Crude Oil,Not Specified,Not Specified,Ontario,Mississauga,Developed Land - Residential,43.59,-79.66,Site assessment,Maintenance,2018-12-17 15:14:09.000,Petroleum Hydrocarbons (PHC);Polycyclic Aromatic Hydrocarbons (PAH),348,False
REM2018-039,Enbridge Pipelines Inc.,Line 3,Crude Oil,Not Specified,Not Specified,Saskatchewan,Peebles,Agricultural Land,50.15,-102.93,Site assessment,Construction,2018-12-18 09:35:21.830,Petroleum Hydrocarbons (PHC);Polycyclic Aromatic Hydrocarbons (PAH),325,True
REM2018-040,Enbridge Pipelines Inc.,Line 3,Crude Oil,Not Specified,Not Specified,Saskatchewan,Kipling,Agricultural Land,50.09,-102.53,Site assessment,Construction,2018-12-18 10:04:56.777,"Petroleum Hydrocarbons (PHC);Benzene, Toluene, Ethylbenzene, Xylenes (BTEX)",250,True
REM2018-041,Enbridge Pipelines Inc.,Line 3,Crude Oil,Not Specified,Not Specified,Manitoba,Oak Lake,Agricultural Land,49.7,-100.57,Site assessment,Construction,2018-12-18 10:13:48.180,"Petroleum Hydrocarbons (PHC);Polycyclic Aromatic Hydrocarbons (PAH);Benzene, Toluene, Ethylbenzene, Xylenes (BTEX)",250,False
REM2018-042,TEML Westspur Pipelines Limited,Not Specified,Not Specified,MIDALE,Storage,Saskatchewan,Midale,Developed Land - Industrial,49.45,-103.34,Facility monitoring,Maintenance,2019-04-16 16:19:41.017,Petroleum Hydrocarbons (PHC),50,False
REM2019-001,Enbridge Pipelines Inc.,Line 13,Crude Oil,Not Specified,Not Specified,Saskatchewan,Kipling,Agricultural Land,50.09,-102.55,Site assessment,Maintenance,2019-01-08 13:06:21.210,"Petroleum Hydrocarbons (PHC);Polycyclic Aromatic Hydrocarbons (PAH);Benzene, Toluene, Ethylbenzene, Xylenes (BTEX)",90,False
REM2019-002,Trans Mountain Pipeline ULC,Mainline,Crude Oil Sour Light,BURNABY,Prime Mover,British Columbia,Burnaby,Developed Land - Industrial,49.27,-122.92,Post-remediation monitoring,Construction,2019-01-24 16:31:03.427,"Polycyclic Aromatic Hydrocarbons (PAH);Benzene, Toluene, Ethylbenzene, Xylenes (BTEX)",0,False
REM2019-003,Enbridge Pipelines (NW) Inc.,Line 21,Crude Oil,Not Specified,Not Specified,Northwest Territories,Fort Simpson,Non-developed Land,61.83,-121.18,Post-remediation monitoring,Construction,2019-02-19 13:35:29.097,"Benzene, Toluene, Ethylbenzene, Xylenes (BTEX)",44,False
REM2019-004,TransCanada PipeLines Limited,Line 100-4,Natural Gas,Not Specified,Not Specified,Saskatchewan,"Pennant, Saskatchewan",Agricultural Land,50.56,-108.22,Site assessment,Maintenance,2019-02-27 11:17:37.493,"Petroleum Hydrocarbons (PHC);Polycyclic Aromatic Hydrocarbons (PAH);Benzene, Toluene, Ethylbenzene, Xylenes (BTEX)",120,False
REM2019-005,Trans Mountain Pipeline ULC,Mainline,Crude Oil Sour Light,BURNABY,Prime Mover,British Columbia,Burnaby,Developed Land - Industrial,49.27,-122.93,Post-remediation monitoring,Construction,2019-03-01 12:57:58.067,"Petroleum Hydrocarbons (PHC);Polycyclic Aromatic Hydrocarbons (PAH);Benzene, Toluene, Ethylbenzene, Xylenes (BTEX)",0,True
REM2019-006,Enbridge Pipelines Inc.,Line 3,Crude Oil,Not Specified,Not Specified,Manitoba,Cromer,Agricultural Land,49.77,-101.31,Post-remediation monitoring,Construction,2019-03-14 13:44:15.000,"Petroleum Hydrocarbons (PHC);Polycyclic Aromatic Hydrocarbons (PAH);Benzene, Toluene, Ethylbenzene, Xylenes (BTEX)",0,False
REM2019-007,NOVA Gas Transmission Ltd.,Not Specified,Not Specified,NORDEGG,Prime Mover,Alberta,"Rocky Mountain House, Alberta",Developed Land - Industrial,52.72,-115.71,Ongoing remediation,Maintenance,2019-04-02 15:28:25.037,Petroleum Hydrocarbons (PHC);Polycyclic Aromatic Hydrocarbons (PAH),500,False
REM2019-008,NOVA Gas Transmission Ltd.,Not Specified,Not Specified,WOLF LAKE,Prime Mover,Alberta,"Edson, Alberta",Developed Land - Industrial,53.25,-116.24,Ongoing remediation,Maintenance,2019-04-03 09:03:06.363,Petroleum Hydrocarbons (PHC);Polycyclic Aromatic Hydrocarbons (PAH),300,False
REM2019-009,NOVA Gas Transmission Ltd.,Not Specified,Not Specified,WOLF LAKE,Prime Mover,Alberta,"Edson, Alberta",Developed Land - Industrial,53.25,-116.24,Ongoing remediation,Maintenance,2019-04-03 11:03:08.510,Petroleum Hydrocarbons (PHC);Polychlorinated Biphenyls (PCB),100,False
REM2019-010,Enbridge Pipelines Inc.,Not Specified,Not Specified,REGINA TERMINAL,Storage,Saskatchewan,Regina,Developed Land - Industrial,50.48,-104.59,Facility monitoring,Operation,2019-04-05 10:38:24.857,"Petroleum Hydrocarbons (PHC);Polycyclic Aromatic Hydrocarbons (PAH);Benzene, Toluene, Ethylbenzene, Xylenes (BTEX)",320,False
REM2019-011,Trans Mountain Pipeline ULC,Not Specified,Not Specified,BURNABY,Prime Mover,British Columbia,Burnaby,Developed Land - Industrial,49.27,-122.93,Post-remediation monitoring,Construction,2019-05-03 15:01:30.680,"Petroleum Hydrocarbons (PHC);Polycyclic Aromatic Hydrocarbons (PAH);Benzene, Toluene, Ethylbenzene, Xylenes (BTEX)",0,True
REM2019-012,Trans Mountain Pipeline ULC,Mainline,Crude Oil Sour Light,EDMONTON TERMINAL,Storage,Alberta,Sherwood Park,Developed Land - Industrial,53.54,-113.36,Facility monitoring,Construction,2019-05-03 17:12:28.000,"Petroleum Hydrocarbons (PHC);Benzene, Toluene, Ethylbenzene, Xylenes (BTEX)",0,False
REM2019-014,Trans Mountain Pipeline ULC,Mainline,Crude Oil Sour Light,Not Specified,Not Specified,Alberta,Hinton,Non-developed Land,53.39,-117.6,Site assessment,Maintenance,2019-06-14 13:28:20.987,"Petroleum Hydrocarbons (PHC);Polycyclic Aromatic Hydrocarbons (PAH);Benzene, Toluene, Ethylbenzene, Xylenes (BTEX)",5,True
REM2019-015,Enbridge Pipelines Inc.,Line 4,Crude Oil,Not Specified,Not Specified,Saskatchewan,Milden,Agricultural Land,51.47,-107.47,Facility monitoring,Operation,2019-06-18 12:58:03.653,"Petroleum Hydrocarbons (PHC);Polycyclic Aromatic Hydrocarbons (PAH);Benzene, Toluene, Ethylbenzene, Xylenes (BTEX)",30,False
REM2019-017,Trans-Northern Pipelines Inc.,Mainline,Refined Products-Aviation,Not Specified,Not Specified,Ontario,Belleville,Non-developed Land,44.21,-77.31,Site assessment,Maintenance,2019-07-08 16:02:47.547,"Petroleum Hydrocarbons (PHC);Benzene, Toluene, Ethylbenzene, Xylenes (BTEX)",100,True
REM2019-018,Enbridge Pipelines Inc.,Not Specified,Not Specified,GRETNA,Prime Mover,Manitoba,Gretna,Developed Land - Industrial,49.02,-97.56,Facility monitoring,Maintenance,2019-07-29 09:04:40.547,Petroleum Hydrocarbons (PHC),40,False
REM2019-019,Enbridge Pipelines Inc.,Not Specified,Not Specified,GRETNA,Prime Mover,Manitoba,Gretna,Developed Land - Industrial,49.02,-97.56,Facility monitoring,Maintenance,2019-07-29 09:16:55.763,Petroleum Hydrocarbons (PHC),10,False
REM2019-020,Enbridge Pipelines Inc.,Not Specified,Not Specified,Rowatt Pump Station,Not Specified,Saskatchewan,Regina,Developed Land - Industrial,50.38,-104.57,Facility monitoring,Maintenance,2019-07-29 09:25:04.640,Petroleum Hydrocarbons (PHC),10,False
REM2019-021,Enbridge Pipelines Inc.,Not Specified,Not Specified,EDMONTON TERMINAL,Storage,Alberta,Sherwood Park ,Developed Land - Industrial,53.54,-113.35,Facility monitoring,Maintenance,2019-07-29 09:42:35.727,"Benzene, Toluene, Ethylbenzene, Xylenes (BTEX)",10,False
REM2019-022,Enbridge Pipelines Inc.,Not Specified,Not Specified,REGINA TERMINAL,Storage,Saskatchewan,Regina,Developed Land - Industrial,50.48,-104.59,Facility monitoring,Operation,2019-07-29 09:50:55.633,"Petroleum Hydrocarbons (PHC);Polycyclic Aromatic Hydrocarbons (PAH);Benzene, Toluene, Ethylbenzene, Xylenes (BTEX)",650,False
REM2019-023,Trans Mountain Pipeline ULC,Not Specified,Not Specified,BURNABY,Prime Mover,British Columbia,Burnaby,Developed Land - Industrial,49.27,-122.93,Facility monitoring,Construction,2019-07-30 08:50:23.187,"Petroleum Hydrocarbons (PHC);Polycyclic Aromatic Hydrocarbons (PAH);Benzene, Toluene, Ethylbenzene, Xylenes (BTEX)",20,True
REM2019-024,Westcoast Energy Inc.,Line 8,,Not Specified,Not Specified,British Columbia,Merritt,Developed Land - Industrial,49.92,-120.92,Post-remediation monitoring,Maintenance,2019-08-01 15:43:21.803,"Benzene, Toluene, Ethylbenzene, Xylenes (BTEX)",15,False
REM2019-025,NOVA Gas Transmission Ltd.,Not Specified,Not Specified,COLEMAN,Meter,Alberta,Coleman AB.,Agricultural Land,49.63,-114.56,Post-remediation monitoring,Operation,2019-08-19 14:50:58.700,Metals,3,False
REM2019-026,NOVA Gas Transmission Ltd.,Not Specified,Not Specified,HOTCHKISS EAST,Meter,Alberta,"Manning, AB",Non-developed Land,57.12,-118.15,Ongoing remediation,Operation,2019-08-19 15:30:45.093,Petroleum Hydrocarbons (PHC),100,False
REM2019-027,NOVA Gas Transmission Ltd.,Not Specified,Not Specified,STEELE LAKE,Meter,Alberta,"Athabasca, AB",Agricultural Land,54.67,-113.55,Ongoing remediation,Operation,2019-08-19 15:55:44.077,Petroleum Hydrocarbons (PHC),50,False
REM2019-028,Trans Mountain Pipeline ULC,Mainline,Crude Oil Sour Light,Edmonton Terminal,Storage,Alberta,Edmonton,Developed Land - Industrial,53.54,-113.36,Facility monitoring,Operation,2019-08-20 16:02:25.003,"Petroleum Hydrocarbons (PHC);Polycyclic Aromatic Hydrocarbons (PAH);Benzene, Toluene, Ethylbenzene, Xylenes (BTEX);Light Non-aqueous Phase Liquid (LNAPL)",0,False
REM2019-031,Express Pipeline Ltd.,Express Pipeline Project,Crude Oil,SUFFIELD,Prime Mover,Alberta,Suffield,Developed Land - Industrial,50.17,-111.17,Facility monitoring,Operation,2019-09-24 12:31:59.287,"Petroleum Hydrocarbons (PHC);Polycyclic Aromatic Hydrocarbons (PAH);Benzene, Toluene, Ethylbenzene, Xylenes (BTEX)",25,False
REM2019-032,Trans-Northern Pipelines Inc.,Mainline,Refined Products-Aviation,Right of Way close to Clarington,Other Facility,Ontario,Bowmanville,Agricultural Land,43.95,-78.73,Site assessment,Maintenance,2019-10-09 16:15:25.707,Petroleum Hydrocarbons (PHC),8,False
REM2019-033,Trans Mountain Pipeline ULC,Mainline,Crude Oil Sour Light,BURNABY,Prime Mover,British Columbia,Burnaby,Developed Land - Industrial,49.27,-122.93,Facility monitoring,Construction,2019-10-29 14:10:30.597,"Petroleum Hydrocarbons (PHC);Polycyclic Aromatic Hydrocarbons (PAH);Benzene, Toluene, Ethylbenzene, Xylenes (BTEX)",0,False
REM2019-034,Trans Mountain Pipeline ULC,Mainline,Crude Oil Sour Light,Edmonton Terminal,Storage,Alberta,Sherwood Park,Developed Land - Industrial,53.54,-113.36,Site assessment,Operation,2019-11-18 08:57:31.560,"Petroleum Hydrocarbons (PHC);Polycyclic Aromatic Hydrocarbons (PAH);Benzene, Toluene, Ethylbenzene, Xylenes (BTEX)",9,False
REM2019-035,Trans Mountain Pipeline ULC,Mainline,Crude Oil Sour Light,Edmonton Terminal,Storage,Alberta,Edmonton,Developed Land - Industrial,53.54,-113.36,Post-remediation monitoring,Maintenance,2019-12-12 12:47:16.190,"Petroleum Hydrocarbons (PHC);Polycyclic Aromatic Hydrocarbons (PAH);Benzene, Toluene, Ethylbenzene, Xylenes (BTEX);Light Non-aqueous Phase Liquid (LNAPL)",3,False
REM2019-036,Enbridge Pipelines Inc.,"3.2KM SECTION, NPS 20, LINE 1",,ODESSA,Prime Mover,Saskatchewan,Odessa,Developed Land - Industrial,50.3,-103.84,Site assessment,Operation,2019-12-13 11:05:50.220,Petroleum Hydrocarbons (PHC),30,False
REM2019-038,Trans Mountain Pipeline ULC,Mainline,Crude Oil Sour Light,DARFIELD,Prime Mover,British Columbia,Darfield,Developed Land - Industrial,51.31,-120.18,Facility monitoring,Maintenance,2019-12-19 14:45:08.157,"Petroleum Hydrocarbons (PHC);Polycyclic Aromatic Hydrocarbons (PAH);Benzene, Toluene, Ethylbenzene, Xylenes (BTEX)",2600,False
REM2019-039,Trans Mountain Pipeline ULC,Mainline,Crude Oil Sour Light,Not Specified,Not Specified,British Columbia,Avola,Non-developed Land,51.77,-119.32,Risk managed,Maintenance,2019-12-20 13:27:00.280,"Petroleum Hydrocarbons (PHC);Polycyclic Aromatic Hydrocarbons (PAH);Benzene, Toluene, Ethylbenzene, Xylenes (BTEX)",450,True
REM2019-040,NOVA Gas Transmission Ltd.,Not Specified,Not Specified,WOLF LAKE,Prime Mover,Alberta,Edson,Developed Land - Industrial,53.25,-116.24,Facility monitoring,Construction,2019-12-20 15:35:46.027,Volatile Organic Compounds (VOC) other than BTEX,25,False
REM2019-043,TransCanada Keystone Pipeline GP Ltd.,KEYSTONE,Crude Oil,HARDISTY EAST INTERCONNECTING FACILITIES BOOSTER PUMP STATION,Not Specified,Alberta,Hardisty,Developed Land - Industrial,52.64,-111.26,Risk managed,Operation,2020-03-27 08:41:20.530,"Petroleum Hydrocarbons (PHC);Benzene, Toluene, Ethylbenzene, Xylenes (BTEX)",13,False
REM2020-001,Enbridge Pipelines Inc.,Line 2,Crude Oil,EDMONTON TERMINAL,Storage,Alberta,Sherwood Park,Developed Land - Industrial,53.55,-113.36,Ongoing remediation,Operation,2020-02-19 14:26:55.410,"Petroleum Hydrocarbons (PHC);Polycyclic Aromatic Hydrocarbons (PAH);Benzene, Toluene, Ethylbenzene, Xylenes (BTEX)",0,False
REM2020-002,Enbridge Southern Lights GP Inc. on behalf of Enbridge Southern Lights LP,Line 13,NGL-LVP (Condensate),Not Specified,Not Specified,Saskatchewan,Peebles,Agricultural Land,50.14,-102.85,Site assessment,Maintenance,2020-03-09 15:09:18.017,"Petroleum Hydrocarbons (PHC);Benzene, Toluene, Ethylbenzene, Xylenes (BTEX)",0,True
REM2020-003,Enbridge Pipelines Inc.,Not Specified,Not Specified,KERROBERT,Prime Mover,Saskatchewan,Kerrobert,Developed Land - Industrial,51.87,-109.04,Facility monitoring,Maintenance,2020-03-31 09:26:56.240,"Petroleum Hydrocarbons (PHC);Benzene, Toluene, Ethylbenzene, Xylenes (BTEX)",55,False
REM2020-004,Enbridge Pipelines Inc.,Not Specified,Not Specified,KERROBERT,Prime Mover,Saskatchewan,Kerrobert,Developed Land - Industrial,51.87,-109.04,Facility monitoring,Maintenance,2020-03-31 09:45:31.837,"Benzene, Toluene, Ethylbenzene, Xylenes (BTEX)",20,False
REM2020-005,NOVA Gas Transmission Ltd.,Not Specified,Not Specified,WILDDUNN CREEK - BURFIELD,Meter,Alberta,"Dorothy, AB",Developed Land - Industrial,51.28,-111.93,Site assessment,Operation,2020-04-08 15:18:27.837,"Petroleum Hydrocarbons (PHC);Polycyclic Aromatic Hydrocarbons (PAH);Benzene, Toluene, Ethylbenzene, Xylenes (BTEX);Phenols",1000,False
REM2020-006,TransCanada PipeLines Limited,Not Specified,Not Specified,STN 92 - MATTICE,Prime Mover,Ontario,Mattice,Agricultural Land,49.59,-83.17,Site assessment,Operation,2020-04-29 09:13:55.550,Polychlorinated Biphenyls (PCB),180,False
REM2020-007,Enbridge Pipelines Inc.,Not Specified,Not Specified,CROMER,Storage,Manitoba,Cromer,Developed Land - Industrial,49.75,-101.24,Facility monitoring,Maintenance,2020-05-01 14:11:21.117,"Petroleum Hydrocarbons (PHC);Benzene, Toluene, Ethylbenzene, Xylenes (BTEX)",20,False
REM2020-008,Enbridge Pipelines Inc.,Not Specified,Not Specified,CROMER,Storage,Manitoba,Cromer,Developed Land - Industrial,49.75,-101.24,Facility monitoring,Maintenance,2020-05-01 14:24:44.490,"Petroleum Hydrocarbons (PHC);Benzene, Toluene, Ethylbenzene, Xylenes (BTEX)",8,False
REM2020-009,Enbridge Pipelines Inc.,Not Specified,Not Specified,CROMER,Storage,Manitoba,Cromer,Developed Land - Industrial,49.75,-101.24,Facility monitoring,Maintenance,2020-05-01 14:32:24.880,"Petroleum Hydrocarbons (PHC);Benzene, Toluene, Ethylbenzene, Xylenes (BTEX)",60,False
REM2020-010,Trans Mountain Pipeline ULC,Mainline,Crude Oil Sour Light,BURNABY,Prime Mover,British Columbia,Burnaby,Developed Land - Industrial,49.27,-122.93,Post-remediation monitoring,Maintenance,2020-05-05 13:16:05.023,Petroleum Hydrocarbons (PHC);Polycyclic Aromatic Hydrocarbons (PAH),10,False
REM2020-011,Trans Mountain Pipeline ULC,Mainline,Crude Oil Sour Light,Edmonton Terminal,Storage,Alberta,Edmonton,Developed Land - Industrial,53.54,-113.36,Post-remediation monitoring,Maintenance,2020-05-05 13:41:52.863,Polycyclic Aromatic Hydrocarbons (PAH),10,False
REM2020-012,Trans Mountain Pipeline ULC,Mainline,Crude Oil Sour Light,Edmonton Terminal,Storage,Alberta,Edmonton,Developed Land - Industrial,53.54,-113.37,Post-remediation monitoring,Operation,2020-05-06 10:43:32.923,Polycyclic Aromatic Hydrocarbons (PAH),1,False
REM2020-013,Trans Mountain Pipeline ULC,Mainline,Crude Oil Sour Light,Edmonton Terminal,Storage,Alberta,Edmonton,Developed Land - Industrial,53.54,-113.36,Post-remediation monitoring,Operation,2020-05-06 10:55:53.773,Polycyclic Aromatic Hydrocarbons (PAH),6,False
REM2020-014,Trans Mountain Pipeline ULC,Mainline,Crude Oil Sour Light,EDSON,Prime Mover,Alberta,Edson,Developed Land - Industrial,53.58,-116.65,Post-remediation monitoring,Maintenance,2020-05-06 11:02:16.023,"Petroleum Hydrocarbons (PHC);Polycyclic Aromatic Hydrocarbons (PAH);Benzene, Toluene, Ethylbenzene, Xylenes (BTEX)",8,False
REM2020-015,TransCanada PipeLines Limited,Not Specified,Not Specified,BRANDON,Meter,Manitoba,Rapid City,Agricultural Land,50.07,-99.93,Site assessment,Construction,2020-05-13 11:00:01.273,Polycyclic Aromatic Hydrocarbons (PAH),90,False
REM2020-016,Enbridge Pipelines Inc.,Not Specified,Not Specified,REGINA TERMINAL,Storage,Saskatchewan,City of Regina,Developed Land - Industrial,50.48,-104.59,Facility monitoring,Maintenance,2020-05-14 14:07:11.033,Petroleum Hydrocarbons (PHC),20,False
REM2020-017,Enbridge Pipelines Inc.,Not Specified,Not Specified,REGINA TERMINAL,Storage,Saskatchewan,City of Regina,Developed Land - Industrial,50.48,-104.59,Facility monitoring,Maintenance,2020-05-14 14:52:32.050,Petroleum Hydrocarbons (PHC);Polycyclic Aromatic Hydrocarbons (PAH),120,False
REM2020-019,Enbridge Pipelines Inc.,Line 2,Crude Oil,Not Specified,Not Specified,Saskatchewan,Langbank,Agricultural Land,50.04,-102.24,Site assessment,Maintenance,2020-06-04 13:52:48.667,"Polycyclic Aromatic Hydrocarbons (PAH);Benzene, Toluene, Ethylbenzene, Xylenes (BTEX)",25,False
REM2020-020,Enbridge Pipelines Inc.,Not Specified,Not Specified,SARNIA TANK TERMINAL,Storage,Ontario,Sarnia,Developed Land - Industrial,42.95,-82.37,Facility monitoring,Maintenance,2020-06-04 14:07:40.843,"Petroleum Hydrocarbons (PHC);Benzene, Toluene, Ethylbenzene, Xylenes (BTEX)",40,False
REM2020-021,Kingston Midstream Limited,Line 24,Natural Gas Liquids,Alida Terminal,Storage,Saskatchewan,"Alida, SK",Developed Land - Industrial,49.42,-101.87,Facility monitoring,Operation,2020-07-22 15:20:30.007,Petroleum Hydrocarbons (PHC),10,False
REM2020-022,TransCanada PipeLines Limited,Not Specified,Not Specified,Compressor Station 49 - Kenora,Prime Mover,Ontario,Kenora,Agricultural Land,49.79,-94.49,Risk managed,Operation,2020-07-30 14:58:31.497,Petroleum Hydrocarbons (PHC);Polychlorinated Biphenyls (PCB),100,True
REM2020-023,TransCanada PipeLines Limited,LINE 100-1,Natural Gas,Not Specified,Not Specified,Ontario,Johnson,Non-developed Land,44.77,-75.5,Ongoing remediation,Maintenance,2020-08-20 16:31:04.993,Petroleum Hydrocarbons (PHC),1,False
REM2020-024,AltaGas Holdings Inc. for and on behalf of AltaGas Pipeline Partnership,Kahntah,Natural Gas Sweet,Riser site at 13-06-104-12-W6,Other Facility,Alberta,Rainbow lake,Non-developed Land,58.0,-119.99,Post-remediation monitoring,Maintenance,2020-09-08 12:40:18.553,Petroleum Hydrocarbons (PHC);Volatile Organic Compounds (VOC) other than BTEX,5,True
REM2020-025,Kingston Midstream Westspur Limited,Line 23A,Crude Oil,Not Specified,Not Specified,Saskatchewan,Frobisher,Agricultural Land,49.26,-102.53,Post-remediation monitoring,Maintenance,2020-10-05 10:59:18.237,"Petroleum Hydrocarbons (PHC);Benzene, Toluene, Ethylbenzene, Xylenes (BTEX);Volatile Organic Compounds (VOC) other than BTEX",10,False
REM2020-026,Imperial Oil Resources N.W.T. Limited,Not Specified,Not Specified,NORMAN WELLS FACILITY AND GATHERING,Not Specified,Northwest Territories,Norman Wells,Developed Land - Industrial,65.26,-126.88,Site assessment,Operation,2020-10-29 14:27:32.667,"Petroleum Hydrocarbons (PHC);Benzene, Toluene, Ethylbenzene, Xylenes (BTEX);Salts",1,False
REM2020-028,TransCanada PipeLines Limited,Not Specified,Not Specified,STN 70 - HURKETT,Prime Mover,Ontario,Hurkett,Agricultural Land,48.82,-88.52,Site assessment,Operation,2020-11-16 12:10:53.827,Petroleum Hydrocarbons (PHC);Polychlorinated Biphenyls (PCB),2300,False
REM2020-030,Trans Mountain Pipeline ULC,Mainline,Crude Oil Sour Light,SUMAS,Prime Mover,British Columbia,Abbotsford,Developed Land - Industrial,49.07,-122.16,Ongoing remediation,Operation,2020-12-17 14:30:01.280,"Petroleum Hydrocarbons (PHC);Polycyclic Aromatic Hydrocarbons (PAH);Benzene, Toluene, Ethylbenzene, Xylenes (BTEX);Light Non-aqueous Phase Liquid (LNAPL)",11300,False
REM2020-031,"Westcoast Energy Inc., carrying on business as Spectra Energy Transmission","26"" BC Trunk Pipeline - Downstream",Natural Gas Sweet,WILLOW FLATS (STN 2) (2),Prime Mover,British Columbia,Chetwynd,Developed Land - Industrial,55.65,-122.21,Facility monitoring,Construction,2020-11-23 11:35:52.770,Petroleum Hydrocarbons (PHC);Polycyclic Aromatic Hydrocarbons (PAH);Metals,200,False
REM2020-032,Enbridge Pipelines Inc.,Not Specified,Not Specified,HERSCHEL,Prime Mover,Saskatchewan,Herschel,Developed Land - Industrial,51.65,-108.21,Facility monitoring,Operation,2020-11-27 11:01:11.490,"Petroleum Hydrocarbons (PHC);Polycyclic Aromatic Hydrocarbons (PAH);Benzene, Toluene, Ethylbenzene, Xylenes (BTEX)",8,False
REM2020-033,NOVA Gas Transmission Ltd.,CENTRAL ALBERTA SYSTEM M/L - NPS 30,Natural Gas,DIDSBURY C/S,Prime Mover,Alberta,Didsbury,Agricultural Land,51.6,-114.24,Risk managed,Construction,2020-12-19 08:51:41.577,"Petroleum Hydrocarbons (PHC);Polycyclic Aromatic Hydrocarbons (PAH);Benzene, Toluene, Ethylbenzene, Xylenes (BTEX);Polychlorinated Biphenyls (PCB)",1000,True
REM2020-034,NOVA Gas Transmission Ltd.,Not Specified,Not Specified,WOLF LAKE,Prime Mover,Alberta,Edson ,Developed Land - Industrial,53.25,-116.24,Site assessment,Operation,2020-12-22 20:01:26.617,Petroleum Hydrocarbons (PHC);Polycyclic Aromatic Hydrocarbons (PAH);Phenols,1,False
REM2020-035,NOVA Gas Transmission Ltd.,ALBERSUN LATERAL (NPS 10 1967) FORT MCMURRAY SECTION,,Not Specified,Not Specified,Alberta,Fort McMurray ,Non-developed Land,56.71,-111.4,Ongoing remediation,Operation,2020-12-30 08:55:16.227,"Benzene, Toluene, Ethylbenzene, Xylenes (BTEX)",500,True
REM2020-037,Express Pipeline Ltd.,Line 40,Crude Oil Sweet Heavy,YOUNGSTOWN,Prime Mover,Alberta,Youngstown Village,Developed Land - Industrial,51.49,-111.17,Post-remediation monitoring,Operation,2021-01-27 14:00:27.317,"Petroleum Hydrocarbons (PHC);Polycyclic Aromatic Hydrocarbons (PAH);Benzene, Toluene, Ethylbenzene, Xylenes (BTEX)",2000,False
REM2021-002,Enbridge Pipelines Inc.,Not Specified,Not Specified,CACTUS LAKE,Prime Mover,Saskatchewan,Cactus Lake,Developed Land - Industrial,52.14,-109.81,Facility monitoring,Operation,2021-01-25 16:45:20.413,"Petroleum Hydrocarbons (PHC);Polycyclic Aromatic Hydrocarbons (PAH);Benzene, Toluene, Ethylbenzene, Xylenes (BTEX)",542,False
REM2021-003,Spartan Delta Corp.,CYPRESS PIPELINE,,Not Specified,Not Specified,Saskatchewan,Manyberries,Agricultural Land,49.52,-110.0,Post-remediation monitoring,Abandonment,2021-02-01 16:52:13.200,Petroleum Hydrocarbons (PHC),0,False
REM2021-004,Westcoast Energy Inc.,Not Specified,Not Specified,SIKANNI CHIEF (N3),Prime Mover,British Columbia,Pink Mountain,Developed Land - Industrial,57.39,-122.66,Monitored,Operation,2021-03-01 12:47:23.677,Petroleum Hydrocarbons (PHC),300,False
REM2021-005,Westcoast Energy Inc.,Not Specified,Not Specified,HIXON (4B),Prime Mover,British Columbia,Hixon,Developed Land - Industrial,53.51,-122.61,Site assessment,Operation,2021-03-01 13:17:33.693,Petroleum Hydrocarbons (PHC);Metals,300,False
REM2021-006,Westcoast Energy Inc.,Not Specified,Not Specified,150 MILE HOUSE (6A),Prime Mover,British Columbia,150 Mile House,Developed Land - Industrial,52.13,-121.94,Site assessment,Operation,2021-03-01 13:31:08.317,Petroleum Hydrocarbons (PHC);Polycyclic Aromatic Hydrocarbons (PAH),300,True
REM2021-007,Westcoast Energy Inc.,Not Specified,Not Specified,Australian (BC Gas Facility) (#130),Meter,British Columbia,Kersley,Developed Land - Industrial,52.73,-122.44,Site assessment,Operation,2021-03-01 13:38:37.707,Petroleum Hydrocarbons (PHC);Polycyclic Aromatic Hydrocarbons (PAH);Salts;Metals,300,False
REM2021-008,Westcoast Energy Inc.,Not Specified,Not Specified,ROSEDALE (9),Prime Mover,British Columbia,Rosedale,Developed Land - Industrial,49.2,-121.79,Site assessment,Operation,2021-03-01 13:48:46.127,Petroleum Hydrocarbons (PHC);Metals,300,False
REM2021-009,Westcoast Energy Inc.,Not Specified,Not Specified,BONANZA BOOSTER STATION (16) (BONANZA),Prime Mover,Alberta,Bonanza,Developed Land - Industrial,55.9,-119.9,Site assessment,Operation,2021-03-01 13:57:57.887,Petroleum Hydrocarbons (PHC);Metals,300,False
REM2021-010,Westcoast Energy Inc.,"30"" Fort St. John Mainline",Natural Gas,Not Specified,Not Specified,British Columbia,Quesnel,Agricultural Land,53.04,-122.48,Site assessment,Maintenance,2021-03-02 11:00:36.347,"Polycyclic Aromatic Hydrocarbons (PAH);Benzene, Toluene, Ethylbenzene, Xylenes (BTEX)",1,False
REM2021-011,Trans Mountain Pipeline ULC,Mainline,Crude Oil Sour Light,Not Specified,Not Specified,Alberta,Sherwood Park,Agricultural Land,53.49,-113.34,Site assessment,Construction,2021-03-02 15:55:24.000,"Polycyclic Aromatic Hydrocarbons (PAH);Benzene, Toluene, Ethylbenzene, Xylenes (BTEX)",0,False
REM2021-012,Trans Mountain Pipeline ULC,Mainline,Crude Oil Sour Light,Not Specified,Not Specified,Alberta,Sherwood Park,Agricultural Land,53.44,-113.59,Site assessment,Construction,2021-03-02 15:56:46.000,Petroleum Hydrocarbons (PHC);Metals,100,False
REM2021-014,TransCanada PipeLines Limited,LINE 100-1,Natural Gas,STN 17 - REGINA,Prime Mover,Saskatchewan,Regina,Developed Land - Industrial,50.39,-104.41,Site assessment,Operation,2021-03-17 14:28:56.810,Polycyclic Aromatic Hydrocarbons (PAH);Glycol,100,False
REM2021-015,Trans-Northern Pipelines Inc.,Mainline,Refined Products-Aviation,Not Specified,Not Specified,Ontario,North York,Developed Land - Residential,43.79,-79.37,Site assessment,Operation,2021-04-01 18:35:26.147,"Other;Benzene, Toluene, Ethylbenzene, Xylenes (BTEX)",1,False
REM2021-016,Westcoast Energy Inc.,"10"" North Shekilie Pipeline",Natural Gas Sour,Pigging Facilities,Not Specified,Alberta,MacKenzie,Developed Land - Industrial,59.5,-119.87,Site assessment,Operation,2021-04-05 14:16:38.630,"Petroleum Hydrocarbons (PHC);Polycyclic Aromatic Hydrocarbons (PAH);Benzene, Toluene, Ethylbenzene, Xylenes (BTEX)",800,False
REM2021-017,Westcoast Energy Inc.,"4"" SOUTH SHEKILIE PIPELINE",Natural Gas,Pigging Facilities,Not Specified,British Columbia,Zama City,Developed Land - Industrial,59.32,-120.07,Site assessment,Operation,2021-04-05 14:39:10.737,"Benzene, Toluene, Ethylbenzene, Xylenes (BTEX)",100,False
REM2021-018,Westcoast Energy Inc.,"10"" South Shekilie Pipeline",Natural Gas,Pigging Facilities,Not Specified,Alberta,Zama City,Developed Land - Industrial,59.16,-119.8,Site assessment,Operation,2021-04-05 14:52:50.397,"Benzene, Toluene, Ethylbenzene, Xylenes (BTEX)",100,False
REM2021-019,Westcoast Energy Inc.,"10"" South Shekilie Pipeline",Natural Gas,Pigging Facilities,Not Specified,Alberta,Zama City,Developed Land - Industrial,59.23,-119.89,Site assessment,Operation,2021-04-05 15:05:06.207,"Polycyclic Aromatic Hydrocarbons (PAH);Benzene, Toluene, Ethylbenzene, Xylenes (BTEX)",200,False
REM2021-020,ExxonMobil Canada Properties,Onshore Gathering Pipeline,Natural Gas Liquids,Sable Offshore Energy Project,Not Specified,Nova Scotia,"Goldboro, Nova Scotia",Developed Land - Industrial,45.17,-61.62,Facility monitoring,Abandonment,2021-04-14 12:38:31.850,"Polycyclic Aromatic Hydrocarbons (PAH);Benzene, Toluene, Ethylbenzene, Xylenes (BTEX);Metals",250,True
REM2021-021,Trans Mountain Pipeline ULC,"Inactive TMPL 24"" Mainline (no commodity currently carried)",Crude Oil,Not Specified,Not Specified,Alberta,Jasper,Protected Area,52.86,-118.21,Site assessment,Maintenance,2021-04-28 08:54:56.377,"Petroleum Hydrocarbons (PHC);Polycyclic Aromatic Hydrocarbons (PAH);Benzene, Toluene, Ethylbenzene, Xylenes (BTEX)",100,True
REM2021-022,TransCanada Keystone Pipeline GP Ltd.,KEYSTONE,Crude Oil,PS15 - Caron,Not Specified,Saskatchewan,"Caron, Saskatchewan",Developed Land - Industrial,50.48,-105.86,Site assessment,Operation,2021-04-29 15:39:45.267,"Petroleum Hydrocarbons (PHC);Benzene, Toluene, Ethylbenzene, Xylenes (BTEX)",280,False
REM2021-023,Enbridge Pipelines Inc.,Line 8,,Not Specified,Not Specified,Ontario,Bright,Protected Area,43.26,-80.61,Site assessment,Maintenance,2021-05-12 14:39:53.440,"Petroleum Hydrocarbons (PHC);Benzene, Toluene, Ethylbenzene, Xylenes (BTEX)",35,True
REM2021-024,Westcoast Energy Inc.,"SPECTRA - 30"" MAINLINE",Natural Gas,Not Specified,Not Specified,British Columbia,Chilliwack,Agricultural Land,49.16,-121.92,Site assessment,Maintenance,2021-05-12 15:12:38.053,Petroleum Hydrocarbons (PHC),1,True
REM2021-025,Westcoast Energy Inc.,"36"" Fort Nelson Mainline Loops",Natural Gas,PROPHET RIVER (N2),Prime Mover,British Columbia,Prophet River,Developed Land - Industrial,58.01,-122.7,Site assessment,Maintenance,2021-05-13 16:16:14.643,Petroleum Hydrocarbons (PHC),53,False
REM2021-027,NOVA Gas Transmission Ltd.,CENTRAL ALBERTA SYSTEM M/L - NPS 30,Natural Gas,DIDSBURY C/S,Prime Mover,Alberta,Didsbury,Developed Land - Industrial,51.6,-114.24,Site assessment,Maintenance,2021-06-07 15:34:55.077,Glycol,1,False
REM2021-028,NOVA Gas Transmission Ltd.,EASTERN ALBERTA M/L LOOP #3,Natural Gas,PRINCESS,Prime Mover,Alberta,Patricia,Developed Land - Industrial,50.7,-111.53,Site assessment,Maintenance,2021-06-07 15:50:20.303,"Petroleum Hydrocarbons (PHC);Polycyclic Aromatic Hydrocarbons (PAH);Benzene, Toluene, Ethylbenzene, Xylenes (BTEX)",1,False
REM2021-029,Trans-Northern Pipelines Inc.,Mainline,Refined Products-Aviation,Not Specified,Not Specified,Ontario,Belleville,Agricultural Land,44.21,-77.32,Site assessment,Operation,2021-06-14 06:15:40.617,Petroleum Hydrocarbons (PHC),1,False
REM2021-030,Trans-Northern Pipelines Inc.,Mainline,Refined Products-Aviation,Not Specified,Not Specified,Ontario,"Oakville, Ontario",Developed Land - Small Commercial,43.45,-79.69,Site assessment,Operation,2021-06-14 06:53:53.067,Petroleum Hydrocarbons (PHC);Polycyclic Aromatic Hydrocarbons (PAH);Volatile Organic Compounds (VOC) other than BTEX;Metals,1,False
REM2021-031,Trans-Northern Pipelines Inc.,Mainline,Refined Products-Aviation,Not Specified,Not Specified,Ontario,Mississauga,Developed Land - Residential,43.5,-79.64,Site assessment,Maintenance,2021-06-14 07:58:32.450,Petroleum Hydrocarbons (PHC);Polycyclic Aromatic Hydrocarbons (PAH),1,False
REM2021-032,Trans-Northern Pipelines Inc.,Mainline,Refined Products-Aviation,BELLEVILLE STATION,Meter,Ontario,Belleville,Developed Land - Industrial,44.21,-77.38,Site assessment,Operation,2021-06-14 08:06:59.033,"Benzene, Toluene, Ethylbenzene, Xylenes (BTEX)",1,False
REM2021-033,Trans-Northern Pipelines Inc.,Mainline,Refined Products-Aviation,OAKVILLE STATION,Meter,Ontario,"Oakville, Ont",Developed Land - Industrial,43.39,-79.74,Site assessment,Operation,2021-06-14 10:11:59.453,"Petroleum Hydrocarbons (PHC);Benzene, Toluene, Ethylbenzene, Xylenes (BTEX);Light Non-aqueous Phase Liquid (LNAPL)",19,True
REM2021-034,Trans-Northern Pipelines Inc.,Mainline,Refined Products-Aviation,Not Specified,Not Specified,Ontario,Oshawa,Developed Land - Small Commercial,43.93,-78.86,Site assessment,Operation,2021-06-14 15:11:57.863,Polycyclic Aromatic Hydrocarbons (PAH),1,False
REM2021-035,Trans-Northern Pipelines Inc.,Mainline,Refined Products-Aviation,Not Specified,Not Specified,Ontario,"Prescott, Ontario",Non-developed Land,44.73,-75.53,Site assessment,Operation,2021-06-14 15:17:58.957,Polycyclic Aromatic Hydrocarbons (PAH),1,False
REM2021-036,Trans-Northern Pipelines Inc.,Mainline,Refined Products-Aviation,MONTREAL STATION,Meter,Quebec,Montreal,Developed Land - Industrial,45.63,-73.55,Facility monitoring,Operation,2021-06-14 15:24:12.877,Other;Polycyclic Aromatic Hydrocarbons (PAH),1,True
REM2021-037,Trans-Northern Pipelines Inc.,Mainline,Refined Products-Aviation,Not Specified,Not Specified,Ontario,Clarkson MP 360.6,Developed Land - Residential,43.52,-79.64,Site assessment,Operation,2021-06-14 15:26:45.680,Polycyclic Aromatic Hydrocarbons (PAH),1,False
REM2021-038,Trans-Northern Pipelines Inc.,Mainline,Refined Products-Aviation,Not Specified,Not Specified,Ontario,Clarkson MP 360.33,Developed Land - Residential,43.51,-79.64,Site assessment,Operation,2021-06-14 15:30:04.503,Polycyclic Aromatic Hydrocarbons (PAH),1,True
REM2021-039,NOVA Gas Transmission Ltd.,BIG BEND EAST LATERAL - NPS 4,,BIG BEND EAST,Meter,Alberta,Flastbush ,Agricultural Land,54.78,-113.96,Site assessment,Abandonment,2021-06-24 10:47:37.427,Metals,10,False
REM2021-040,Westcoast Energy Inc.,"SPECTRA - 30"" MAINLINE",Natural Gas,Not Specified,Not Specified,British Columbia,City of Quesnel,Developed Land - Industrial,52.98,-122.45,Site assessment,Maintenance,2021-06-24 15:28:00.047,Petroleum Hydrocarbons (PHC),2,False
REM2021-041,Trans Mountain Pipeline ULC,"Inactive TMPL 24"" Mainline (no commodity currently carried)",Crude Oil,Not Specified,Not Specified,Alberta,Hinton,Non-developed Land,53.25,-117.8,Site assessment,Maintenance,2021-07-08 14:22:19.033,"Petroleum Hydrocarbons (PHC);Polycyclic Aromatic Hydrocarbons (PAH);Benzene, Toluene, Ethylbenzene, Xylenes (BTEX)",100,False
REM2021-042,Trans Mountain Pipeline ULC,Mainline,Crude Oil Sour Light,KAMLOOPS,Prime Mover,British Columbia,Kamloops,Developed Land - Industrial,50.66,-120.41,Facility monitoring,Construction,2021-07-08 14:50:38.320,"Petroleum Hydrocarbons (PHC);Polycyclic Aromatic Hydrocarbons (PAH);Benzene, Toluene, Ethylbenzene, Xylenes (BTEX);Metals",10,False
REM2021-043,Trans Mountain Pipeline ULC,Mainline,Crude Oil Sour Light,KAMLOOPS,Prime Mover,British Columbia,Kamloops,Developed Land - Industrial,50.66,-120.41,Facility monitoring,Construction,2021-07-08 15:25:47.673,"Benzene, Toluene, Ethylbenzene, Xylenes (BTEX)",5,False
REM2021-044,Trans Mountain Pipeline ULC,Mainline,Crude Oil Sour Light,EDMONTON,Storage,Alberta,Sherwood Park,Developed Land - Industrial,53.54,-113.36,Facility monitoring,Construction,2021-07-08 15:47:04.900,"Petroleum Hydrocarbons (PHC);Polycyclic Aromatic Hydrocarbons (PAH);Benzene, Toluene, Ethylbenzene, Xylenes (BTEX)",5,False
REM2021-045,Enbridge Pipelines Inc.,Not Specified,Not Specified,Cromer,Not Specified,Manitoba,Cromer,Developed Land - Industrial,49.76,-101.24,Facility monitoring,Maintenance,2021-09-17 10:31:42.197,Salts,1,False
REM2021-048,Westcoast Energy Inc.,"SPECTRA - 30"" MAINLINE",Natural Gas,Not Specified,Not Specified,British Columbia,Quesnel,Developed Land - Residential,55.65,-122.21,Site assessment,Operation,2021-09-17 13:50:27.000,"Petroleum Hydrocarbons (PHC);Benzene, Toluene, Ethylbenzene, Xylenes (BTEX);Metals",1,False
